species	total_records	kept_records	excluded_records	excluded_dot	excluded_internal_stop	excluded_invalid_chars	excluded_empty	terminal_stop_stripped_records	terminal_stop_stripped_chars	retention_rate
Abies_alba	1399	1399	0	0	0	0	0	0	0	1.000000
Abrus_precatorius	2558	2544	14	0	14	14	0	2555	2555	0.994527
Acacia_pycnantha	3488	3488	0	0	0	0	0	0	0	1.000000
Acanthochlamys_bracteata	1049	1049	0	0	0	0	0	0	0	1.000000
Acer_catalpifolium	2510	2510	0	0	0	0	0	0	0	1.000000
Acer_negundo	1483	1483	0	0	0	0	0	0	0	1.000000
Acer_pseudosieboldianum	1719	1719	0	0	0	0	0	0	0	1.000000
Acer_yangbiense	1797	1797	0	0	0	0	0	0	0	1.000000
Achnatherum_splendens	2569	2569	0	0	0	0	0	0	0	1.000000
Acorus_calamus	2108	2108	0	0	0	0	0	0	0	1.000000
Acorus_gramineus	704	704	0	0	0	0	0	0	0	1.000000
Actinidia_chinensis	1794	1794	0	0	0	0	0	0	0	1.000000
Actinidia_hemsleyana	1990	1990	0	0	0	0	0	0	0	1.000000
Actinidia_zhejiangensis	3511	3511	0	0	0	0	0	0	0	1.000000
Aegiceras_corniculatum	1769	1769	0	0	0	0	0	0	0	1.000000
Aegilops_bicornis	2081	2081	0	0	0	0	0	0	0	1.000000
Aegilops_longissima	2283	2283	0	0	0	0	0	0	0	1.000000
Aegilops_searsii	2166	2166	0	0	0	0	0	0	0	1.000000
Aegilops_sharonensis	2271	2271	0	0	0	0	0	0	0	1.000000
Aegilops_speltoides	2138	2138	0	0	0	0	0	0	0	1.000000
Aegilops_umbellulata	1985	1985	0	0	0	0	0	1985	1985	1.000000
Aegle_marmelos	1149	1149	0	0	0	0	0	1140	1140	1.000000
Aeschynomene_evenia	1367	1367	0	0	0	0	0	1359	1359	1.000000
Aethionema_arabicum	1234	1234	0	0	0	0	0	0	0	1.000000
Agastache_rugosa	1226	50	1176	1176	0	1176	0	0	0	0.040783
Akebia_trifoliata	1331	1331	0	0	0	0	0	0	0	1.000000
Aldrovanda_vesiculosa	1217	1217	0	0	0	0	0	0	0	1.000000
Allium_cepa	1578	1578	0	0	0	0	0	0	0	1.000000
Allium_fistulosum	1703	1700	3	0	3	3	0	1645	1645	0.998238
Allium_sativum	2080	2080	0	0	0	0	0	0	0	1.000000
Amaranthus_tricolor	1218	1218	0	0	0	0	0	0	0	1.000000
Amaranthus_tuberculatus	1009	5	1004	0	1004	1004	0	964	964	0.004955
Amborella_trichopoda	1440	1440	0	0	0	0	0	0	0	1.000000
Ammopiptanthus_nanus	1317	11	1306	1306	0	1306	0	0	0	0.008352
Amorphophallus_konjac	1654	1654	0	0	0	0	0	0	0	1.000000
Amphicarpaea_edgeworthii	1229	1229	0	0	0	0	0	1213	1213	1.000000
Ananas_comosus	1256	1256	0	0	0	0	0	0	0	1.000000
Andrographis_paniculata	1733	1733	0	0	0	0	0	0	0	1.000000
Angelica_sinensis	1716	1716	0	0	0	0	0	0	0	1.000000
Anisodus_acutangulus	1936	1936	0	0	0	0	0	0	0	1.000000
Anisodus_luridus	3666	3666	0	0	0	0	0	0	0	1.000000
Annona_cherimola	2696	2696	0	0	0	0	0	0	0	1.000000
Anthoceros_agrestis	644	644	0	0	0	0	0	0	0	1.000000
Anthoceros_angustus	446	446	0	0	0	0	0	0	0	1.000000
Anthoceros_punctatus	666	666	0	0	0	0	0	0	0	1.000000
Antirrhinum_hispanicum	1730	1728	2	0	2	2	0	0	0	0.998844
Antirrhinum_majus	1611	1611	0	0	0	0	0	0	0	1.000000
Apium_graveolens	1371	1371	0	0	0	0	0	0	0	1.000000
Apostasia_shenzhenica	758	758	0	0	0	0	0	0	0	1.000000
Aquilaria_sinensis	1461	1461	0	0	0	0	0	0	0	1.000000
Aquilegia_coerulea	1404	1404	0	0	0	0	0	0	0	1.000000
Arabidopsis_halleri	1536	1536	0	0	0	0	0	0	0	1.000000
Arabidopsis_lyrata	1506	1506	0	0	0	0	0	0	0	1.000000
Arabidopsis_suecica	2643	2643	0	0	0	0	0	0	0	1.000000
Arabidopsis_thaliana	1364	1364	0	0	0	0	0	0	0	1.000000
Arabis_alpina	1603	1603	0	0	0	0	0	0	0	1.000000
Arabis_nemorensis	980	980	0	0	0	0	0	0	0	1.000000
Arachis_hypogaea	4156	4156	0	0	0	0	0	0	0	1.000000
Aralia_elata	1837	1837	0	0	0	0	0	0	0	1.000000
Arctium_lappa	1657	1657	0	0	0	0	0	0	0	1.000000
Areca_catechu	1589	1589	0	0	0	0	0	0	0	1.000000
Aristolochia_contorta	890	890	0	0	0	0	0	0	0	1.000000
Aristolochia_fimbriata	837	837	0	0	0	0	0	0	0	1.000000
Armoracia_rusticana	2276	2276	0	0	0	0	0	0	0	1.000000
Artemisia_argyi	5399	5399	0	0	0	0	0	0	0	1.000000
Artocarpus_altilis	2090	2090	0	0	0	0	0	0	0	1.000000
Artocarpus_nanchuanensis	2341	0	2341	2341	0	2341	0	0	0	0.000000
Asparagus_officinalis	1023	1023	0	0	0	0	0	0	0	1.000000
Asparagus_setaceus	1054	1054	0	0	0	0	0	0	0	1.000000
Asterochloris_glomerata	311	311	0	0	0	0	0	0	0	1.000000
Atalantia_buxifolia	1352	1352	0	0	0	0	0	1234	1234	1.000000
Atriplex_hortensis	1265	1265	0	0	0	0	0	0	0	1.000000
Atropa_belladonna	3072	3072	0	0	0	0	0	0	0	1.000000
Auxenochlorella_protothecoides	171	171	0	0	0	0	0	0	0	1.000000
Avena_atlantica	2382	2382	0	0	0	0	0	0	0	1.000000
Avena_eriantha	2245	2245	0	0	0	0	0	0	0	1.000000
Avena_strigosa	2315	2315	0	0	0	0	0	2312	2312	1.000000
Averrhoa_carambola	1442	1442	0	0	0	0	0	0	0	1.000000
Azolla_filiculoides	952	952	0	0	0	0	0	0	0	1.000000
Balanophora_fungosa	481	481	0	0	0	0	0	0	0	1.000000
Balanophora_subcupularis	393	393	0	0	0	0	0	0	0	1.000000
Barbarea_vulgaris	1556	1556	0	0	0	0	0	0	0	1.000000
Bathycoccus_prasinos	147	147	0	0	0	0	0	0	0	1.000000
Bauhinia_variegata	2592	2592	0	0	0	0	0	0	0	1.000000
Begonia_darthvaderiana	854	854	0	0	0	0	0	0	0	1.000000
Begonia_fuchsioides	1764	1764	0	0	0	0	0	0	0	1.000000
Begonia_loranthoides	971	971	0	0	0	0	0	0	0	1.000000
Begonia_masoniana	881	881	0	0	0	0	0	0	0	1.000000
Begonia_peltatifolia	812	812	0	0	0	0	0	0	0	1.000000
Benincasa_hispida	1044	1044	0	0	0	0	0	0	0	1.000000
Beta_patula	1078	1078	0	0	0	0	0	0	0	1.000000
Betula_platyphylla	2311	2311	0	0	0	0	0	2114	2114	1.000000
Boea_hygrometrica	980	980	0	0	0	0	0	0	0	1.000000
Boechera_retrofracta	1729	1729	0	0	0	0	0	0	0	1.000000
Boechera_stricta	1699	1699	0	0	0	0	0	0	0	1.000000
Boehmeria_nivea	1037	1037	0	0	0	0	0	0	0	1.000000
Bombax_ceiba	2615	2615	0	0	0	0	0	0	0	1.000000
Bonia_amplexicaulis	2637	2637	0	0	0	0	0	0	0	1.000000
Bothriochloa_decipiens	4390	4390	0	0	0	0	0	0	0	1.000000
Bougainvillea_x_buttiana	3112	3112	0	0	0	0	0	0	0	1.000000
Brachypodium_distachyon	1767	1767	0	0	0	0	0	0	0	1.000000
Brachypodium_hybridum	3309	3309	0	0	0	0	0	0	0	1.000000
Brachypodium_stace	1571	1571	0	0	0	0	0	0	0	1.000000
Brachypodium_sylvaticum	2099	2099	0	0	0	0	0	2087	2087	1.000000
Brasenia_schreberi	2660	2660	0	0	0	0	0	0	0	1.000000
Brassica_carinata	4135	4135	0	0	0	0	0	0	0	1.000000
Brassica_gravinae	2144	2144	0	0	0	0	0	0	0	1.000000
Brassica_juncea	3815	3815	0	0	0	0	0	0	0	1.000000
Brassica_napus	4097	4097	0	0	0	0	0	0	0	1.000000
Brassica_nigra	2431	2431	0	0	0	0	0	0	0	1.000000
Brassica_oleracea	1564	1564	0	0	0	0	0	1564	1564	1.000000
Brassica_rapa	2102	2102	0	0	0	0	0	0	0	1.000000
Brassica_repanda	2598	2598	0	0	0	0	0	0	0	1.000000
Brassica_tournefortii	1928	1928	0	0	0	0	0	0	0	1.000000
Bretschneidera_sinensis	2194	2194	0	0	0	0	0	0	0	1.000000
Bruguiera_sexangula	1321	1321	0	0	0	0	0	0	0	1.000000
Buddleja_alternifolia	1734	1734	0	0	0	0	0	0	0	1.000000
Buxus_austroyunnanensis	1262	1262	0	0	0	0	0	0	0	1.000000
Buxus_sinica	2102	2102	0	0	0	0	0	0	0	1.000000
Calamus_simplicifolius	2865	2865	0	0	0	0	0	0	0	1.000000
Callicarpa_americana	2186	2186	0	0	0	0	0	0	0	1.000000
Calotropis_gigantea	963	963	0	0	0	0	0	963	963	1.000000
Camelina_sativa	4088	4088	0	0	0	0	0	0	0	1.000000
Camellia_chekiangoleosa	4578	4577	1	0	1	1	0	0	0	0.999782
Camptotheca_acuminata	1867	1867	0	0	0	0	0	0	0	1.000000
Capparis_spinosa	1037	1037	0	0	0	0	0	0	0	1.000000
Capsella_grandiflora	1261	1261	0	0	0	0	0	0	0	1.000000
Capsella_rubella	1444	1444	0	0	0	0	0	0	0	1.000000
Capsicum_annuum	2110	2110	0	0	0	0	0	0	0	1.000000
Capsicum_baccatum	2865	2865	0	0	0	0	0	0	0	1.000000
Capsicum_chinense	2679	2679	0	0	0	0	0	0	0	1.000000
Capsicum_pubescens	2669	2669	0	0	0	0	0	0	0	1.000000
Cardamine_enshiensis	2425	2425	0	0	0	0	0	0	0	1.000000
Cardamine_hirsuta	1883	1883	0	0	0	0	0	1593	1593	1.000000
Carex_cristatella	1371	1371	0	0	0	0	0	0	0	1.000000
Carex_scoparia	1324	1324	0	0	0	0	0	0	0	1.000000
Carica_papaya	904	904	0	0	0	0	0	0	0	1.000000
Carnegiea_gigantea	1274	1274	0	0	0	0	0	0	0	1.000000
Carpinus_fangiana	1261	1261	0	0	0	0	0	0	0	1.000000
Carpinus_viminea	1951	1951	0	0	0	0	0	0	0	1.000000
Carrichtera_annua	2008	2008	0	0	0	0	0	0	0	1.000000
Carya_cathayensis	1994	1994	0	0	0	0	0	1945	1945	1.000000
Carya_illinoinensis	2315	2315	0	0	0	0	0	0	0	1.000000
Castanea_mollissima	2322	2322	0	0	0	0	0	0	0	1.000000
Castanopsis_hystrix	1904	1904	0	0	0	0	0	0	0	1.000000
Castanopsis_tibetana	2387	2387	0	0	0	0	0	0	0	1.000000
Catharanthus_roseus	1128	1128	0	0	0	0	0	0	0	1.000000
Cenchrus_americanus	1630	1535	95	0	95	95	0	1482	1482	0.941718
Cenchrus_macrourus	4413	4413	0	0	0	0	0	0	0	1.000000
Cenchrus_purpureus	4521	4521	0	0	0	0	0	0	0	1.000000
Cerasus_serrulata	2125	2125	0	0	0	0	0	2125	2125	1.000000
Cercis_canadensis	2116	2116	0	0	0	0	0	0	0	1.000000
Ceriops_tagal	1271	1271	0	0	0	0	0	1264	1264	1.000000
Chamaecrista_fasciculata	1591	1591	0	0	0	0	0	0	0	1.000000
Chara_braunii	693	693	0	0	0	0	0	0	0	1.000000
Chenopodium_pallidicaule	948	948	0	0	0	0	0	0	0	1.000000
Chenopodium_quinoa	2391	2391	0	0	0	0	0	0	0	1.000000
Chenopodium_watsonii	666	666	0	0	0	0	0	0	0	1.000000
Chimonanthus_salicifolius	1666	1661	5	0	5	5	0	1664	1664	0.996999
Chiococca_alba	2315	2304	11	0	11	11	0	2273	2273	0.995248
Chlamydomonas_eustigma	479	479	0	0	0	0	0	0	0	1.000000
Chlamydomonas_incerta	821	821	0	0	0	0	0	0	0	1.000000
Chlamydomonas_reinhardtii	643	643	0	0	0	0	0	0	0	1.000000
Chlamydomonas_schloesseri	723	723	0	0	0	0	0	0	0	1.000000
Chloranthus_spicatus	1069	1069	0	0	0	0	0	0	0	1.000000
Chlorella_variabilis	320	320	0	0	0	0	0	0	0	1.000000
Chlorokybus_atmophyticus	223	223	0	0	0	0	0	0	0	1.000000
Chloropicon_primus	205	205	0	0	0	0	0	0	0	1.000000
Chondrus_crispus	259	259	0	0	0	0	0	0	0	1.000000
Chromochloris_zofingiensis	420	420	0	0	0	0	0	0	0	1.000000
Chrysanthemum_makinoi	4278	4278	0	0	0	0	0	0	0	1.000000
Chrysanthemum_nankingense	5445	5445	0	0	0	0	0	0	0	1.000000
Chrysanthemum_x_morifolium	10192	10192	0	0	0	0	0	10050	10050	1.000000
Cicer_arietinum	1226	1226	0	0	0	0	0	0	0	1.000000
Cicer_reticulatum	1190	1178	12	0	12	12	0	1185	1185	0.989916
Cichorium_endivia	1946	1946	0	0	0	0	0	0	0	1.000000
Cichorium_intybus	2055	2055	0	0	0	0	0	0	0	1.000000
Cinchona_pubescens	2501	2501	0	0	0	0	0	0	0	1.000000
Cinnamomum_kanehirae	2284	2284	0	0	0	0	0	0	0	1.000000
Cissus_rotundifolia	1594	1594	0	0	0	0	0	0	0	1.000000
Citropsis_gilletiana	1436	1436	0	0	0	0	0	1430	1430	1.000000
Citrullus_lanatus	969	969	0	0	0	0	0	0	0	1.000000
Citrus_australasica	1498	1498	0	0	0	0	0	1489	1489	1.000000
Citrus_australis	1336	1336	0	0	0	0	0	0	0	1.000000
Citrus_cavaleriei	1443	1443	0	0	0	0	0	1416	1416	1.000000
Citrus_clementina	2483	2454	29	0	29	29	0	2471	2471	0.988321
Citrus_grandis	1668	1668	0	0	0	0	0	0	0	1.000000
Citrus_japonica	2285	2285	0	0	0	0	0	0	0	1.000000
Citrus_linwuensis	1454	1454	0	0	0	0	0	1444	1444	1.000000
Citrus_mangshanensis	1302	1302	0	0	0	0	0	1284	1284	1.000000
Citrus_medica	1542	1542	0	0	0	0	0	1488	1488	1.000000
Citrus_reticulata	2139	2122	17	0	17	17	0	1976	1976	0.992052
Citrus_sinensis	2336	2336	0	0	0	0	0	0	0	1.000000
Citrus_trifoliata	1647	1647	0	0	0	0	0	1632	1632	1.000000
Citrus_x_limon	3734	3734	0	0	0	0	0	0	0	1.000000
Cladopus_chinensis	1009	1009	0	0	0	0	0	0	0	1.000000
Clausena_lansium	1561	1561	0	0	0	0	0	1548	1548	1.000000
Cleistogenes_songorica	2626	2626	0	0	0	0	0	0	0	1.000000
Cleome_gynandra	1235	1234	1	0	1	1	0	0	0	0.999190
Clethra_arborea	1976	1976	0	0	0	0	0	0	0	1.000000
Coccomyxa_subellipsoidea	254	254	0	0	0	0	0	0	0	1.000000
Codonopsis_lanceolata	2523	218	2305	2305	0	2305	0	0	0	0.086405
Coffea_canephora	2345	2345	0	0	0	0	0	0	0	1.000000
Coffea_humblotiana	1581	1581	0	0	0	0	0	0	0	1.000000
Coix_lacrymajobi	1774	172	1602	1602	0	1602	0	0	0	0.096956
Colocasia_esculenta	1345	20	1325	1325	0	1325	0	0	0	0.014870
Coptis_chinensis	1586	1586	0	0	0	0	0	0	0	1.000000
Corchorus_capsularis	1090	1090	0	0	0	0	0	0	0	1.000000
Corchorus_olitorius	1506	1506	0	0	0	0	0	0	0	1.000000
Coriandrum_sativum	2138	2138	0	0	0	0	0	0	0	1.000000
Cornus_wilsoniana	1681	1681	0	0	0	0	0	1660	1660	1.000000
Corydalis_tomentella	1124	1124	0	0	0	0	0	0	0	1.000000
Corylus_avellana	660	660	0	0	0	0	0	0	0	1.000000
Cremastra_appendiculata	744	744	0	0	0	0	0	0	0	1.000000
Cucumis_hystrix	1048	1048	0	0	0	0	0	0	0	1.000000
Cucumis_melo	994	994	0	0	0	0	0	0	0	1.000000
Cucumis_sativus	1073	1073	0	0	0	0	0	1067	1067	1.000000
Cucurbita_argyrosperma	1247	1247	0	0	0	0	0	0	0	1.000000
Cucurbita_maxima	1385	1385	0	0	0	0	0	0	0	1.000000
Cucurbita_moschata	1393	1393	0	0	0	0	0	0	0	1.000000
Cucurbita_pepo	1321	1321	0	0	0	0	0	0	0	1.000000
Cuscuta_campestris	1435	1435	0	0	0	0	0	0	0	1.000000
Cuscuta_epithymum	1533	1533	0	0	0	0	0	0	0	1.000000
Cuscuta_europaea	717	717	0	0	0	0	0	0	0	1.000000
Cyanidiococcus_yangmingshanensis	91	91	0	0	0	0	0	0	0	1.000000
Cyanidioschyzon_merolae	99	99	0	0	0	0	0	0	0	1.000000
Cyanophora_paradoxa	497	497	0	0	0	0	0	0	0	1.000000
Cyclocarya_paliurus	2851	2851	0	0	0	0	0	0	0	1.000000
Cydonia_oblonga	3969	3969	0	0	0	0	0	0	0	1.000000
Cymbidium_ensifolium	1099	1099	0	0	0	0	0	0	0	1.000000
Cyperus_esculentus	2268	2268	0	0	0	0	0	0	0	1.000000
Daemonorops_jenkinsiana	3542	3542	0	0	0	0	0	0	0	1.000000
Dalbergia_cochinchinensis	1890	1890	0	0	0	0	0	0	0	1.000000
Dalbergia_cultrata	2262	2262	0	0	0	0	0	0	0	1.000000
Dalbergia_odorifera	1513	1513	0	0	0	0	0	0	0	1.000000
Datisca_glomerata	1078	1078	0	0	0	0	0	0	0	1.000000
Datura_inoxia	1618	1618	0	0	0	0	0	0	0	1.000000
Daucus_carota	1646	1646	0	0	0	0	0	1646	1646	1.000000
Davidia_involucrata	2513	2508	5	0	5	5	0	5	5	0.998010
Dendrobium_chrysotoxum	1123	1123	0	0	0	0	0	0	0	1.000000
Dendrobium_huoshanense	845	845	0	0	0	0	0	0	0	1.000000
Dendrobium_hybrid_cultivar	1229	1207	22	0	22	22	0	606	606	0.982099
Dendrobium_nobile	1230	1230	0	0	0	0	0	0	0	1.000000
Dendrocalamus_latiflorus	6595	6595	0	0	0	0	0	0	0	1.000000
Dianthus_caryophyllus	1802	1802	0	0	0	0	0	0	0	1.000000
Dichanthelium_oligosanthes	1541	1541	0	0	0	0	0	0	0	1.000000
Dimocarpus_longan	2940	2940	0	0	0	0	0	0	0	1.000000
Dionaea_muscipula	791	791	0	0	0	0	0	0	0	1.000000
Dioscorea_alata	1675	1675	0	0	0	0	0	0	0	1.000000
Dioscorea_dumetorum	1572	1572	0	0	0	0	0	0	0	1.000000
Dioscorea_zingiberensis	1521	1521	0	0	0	0	0	0	0	1.000000
Diospyros_lotus	2264	2264	0	0	0	0	0	0	0	1.000000
Diospyros_oleifera	1388	1388	0	0	0	0	0	1372	1372	1.000000
Diplotaxis_acris	3182	3182	0	0	0	0	0	0	0	1.000000
Diplotaxis_erucoides	2720	2720	0	0	0	0	0	0	0	1.000000
Diplotaxis_harra	2969	2969	0	0	0	0	0	0	0	1.000000
Diplotaxis_muralis	4510	4510	0	0	0	0	0	0	0	1.000000
Diplotaxis_tenuifolia	2564	2564	0	0	0	0	0	0	0	1.000000
Diplotaxis_tenuisiliqua	2115	2115	0	0	0	0	0	0	0	1.000000
Diplotaxis_viminea	2162	2162	0	0	0	0	0	0	0	1.000000
Dipteronia_dyeriana	1590	1590	0	0	0	0	0	0	0	1.000000
Dipteronia_sinensis	1493	1493	0	0	0	0	0	0	0	1.000000
Discaria_trinervis	1390	1390	0	0	0	0	0	0	0	1.000000
Draba_nivalis	1811	1811	0	0	0	0	0	0	0	1.000000
Drosera_spatulata	881	881	0	0	0	0	0	0	0	1.000000
Dryas_drummondii	1370	1370	0	0	0	0	0	0	0	1.000000
Dunaliella_salina	339	339	0	0	0	0	0	0	0	1.000000
Durio_zibethinus	7	0	7	0	7	7	0	0	0	0.000000
Echinochloa_colona	3605	3605	0	0	0	0	0	0	0	1.000000
Echinochloa_crusgalli	3864	3864	0	0	0	0	0	0	0	1.000000
Echinochloa_haploclada	1585	1585	0	0	0	0	0	1585	1585	1.000000
Echinochloa_oryzicola	2538	2538	0	0	0	0	0	0	0	1.000000
Edaphochlamys_debaryana	944	944	0	0	0	0	0	0	0	1.000000
Elaeagnus_angustifolia	1564	0	1564	1564	0	1564	0	0	0	0.000000
Elaeagnus_mollis	1458	1458	0	0	0	0	0	1451	1451	1.000000
Eleusine_coracana	2812	2812	0	0	0	0	0	2812	2812	1.000000
Eleusine_indica	1009	1009	0	0	0	0	0	0	0	1.000000
Ensete_glaucum	1546	1546	0	0	0	0	0	0	0	1.000000
Ensete_ventricosum	1413	1413	0	0	0	0	0	0	0	1.000000
Entada_phaseoloides	1332	1332	0	0	0	0	0	0	0	1.000000
Epimedium_pubescens	1696	1696	0	0	0	0	0	0	0	1.000000
Eragrostis_curvula	3052	3052	0	0	0	0	0	0	0	1.000000
Eragrostis_nindensis	5439	5439	0	0	0	0	0	0	0	1.000000
Eragrostis_tef	3640	3640	0	0	0	0	0	0	0	1.000000
Eremochloa_ophiuroides	2374	2374	0	0	0	0	0	0	0	1.000000
Erianthus_fulvus	1788	1788	0	0	0	0	0	0	0	1.000000
Erianthus_rufipilus	2499	2494	5	0	5	5	0	2499	2499	0.997999
Eriobotrya_japonica	2963	2963	0	0	0	0	0	0	0	1.000000
Erythranthe_guttatus	1717	1717	0	0	0	0	0	0	0	1.000000
Erythranthe_luteus	2478	2478	0	0	0	0	0	0	0	1.000000
Erythroxylum_novogranatense	1512	1512	0	0	0	0	0	0	0	1.000000
Eucalyptus_grandis	3982	3982	0	0	0	0	0	0	0	1.000000
Eucommia_ulmoides	1316	1316	0	0	0	0	0	0	0	1.000000
Euphorbia_lathyris	1389	1389	0	0	0	0	0	0	0	1.000000
Euryale_ferox	1942	1942	0	0	0	0	0	0	0	1.000000
Euscaphis_japonica	1658	1658	0	0	0	0	0	0	0	1.000000
Eutrema_japonicum	703	703	0	0	0	0	0	0	0	1.000000
Eutrema_salsugineum	1350	1350	0	0	0	0	0	0	0	1.000000
Fagopyrum_cymosum	1860	1860	0	0	0	0	0	0	0	1.000000
Fagopyrum_esculentum	2396	2396	0	0	0	0	0	0	0	1.000000
Fagopyrum_homotropicum	1346	1307	39	0	39	39	0	0	0	0.971025
Fagopyrum_tataricum	1559	1559	0	0	0	0	0	0	0	1.000000
Faidherbia_albida	1903	1903	0	0	0	0	0	0	0	1.000000
Fallopia_multiflora	1827	1827	0	0	0	0	0	1814	1814	1.000000
Ficus_carica	1754	1754	0	0	0	0	0	0	0	1.000000
Ficus_hispida	2094	2094	0	0	0	0	0	1	1	1.000000
Ficus_microcarpa	1944	1944	0	0	0	0	0	0	0	1.000000
Fontinalis_antipyretica	616	616	0	0	0	0	0	0	0	1.000000
Fragaria_ananassa	5344	5344	0	0	0	0	0	0	0	1.000000
Fragaria_daltoniana	1518	1518	0	0	0	0	0	0	0	1.000000
Fragaria_iinumae	1354	1354	0	0	0	0	0	0	0	1.000000
Fragaria_mandshurica	1161	1161	0	0	0	0	0	0	0	1.000000
Fragaria_nilgerrensis	1160	1160	0	0	0	0	0	0	0	1.000000
Fragaria_nubicola	1338	1338	0	0	0	0	0	0	0	1.000000
Fragaria_pentaphylla	1022	1022	0	0	0	0	0	0	0	1.000000
Fragaria_vesca	1695	1695	0	0	0	0	0	0	0	1.000000
Fragaria_x_ananassa	5344	5344	0	0	0	0	0	5155	5155	1.000000
Fraxinus_excelsior	2107	2107	0	0	0	0	0	0	0	1.000000
Fraxinus_pennsylvanica	1890	1890	0	0	0	0	0	0	0	1.000000
Galdieria_sulphuraria	124	124	0	0	0	0	0	0	0	1.000000
Gastrodia_elata	1296	1296	0	0	0	0	0	0	0	1.000000
Gastrodia_menghaiensis	686	686	0	0	0	0	0	0	0	1.000000
Genlisea_aurea	647	647	0	0	0	0	0	0	0	1.000000
Gilia_yorkii	2167	2167	0	0	0	0	0	0	0	1.000000
Gillenia_trifoliata	1470	1470	0	0	0	0	0	0	0	1.000000
Ginkgo_biloba	1798	1798	0	0	0	0	0	0	0	1.000000
Glebionis_coronaria	2550	2550	0	0	0	0	0	0	0	1.000000
Glycine_max	3119	3119	0	0	0	0	0	3109	3109	1.000000
Glycine_soja	2920	2920	0	0	0	0	0	0	0	1.000000
Gnetum_montanum	1836	1836	0	0	0	0	0	0	0	1.000000
Gonium_pectorale	697	697	0	0	0	0	0	0	0	1.000000
Gossypium_anomalum	2202	1	2201	2201	0	2201	0	0	0	0.000454
Gossypium_arboreum	2295	2285	10	0	10	10	0	0	0	0.995643
Gossypium_barbadense	4540	4540	0	0	0	0	0	0	0	1.000000
Gossypium_bickii	2123	1	2122	2122	0	2122	0	0	0	0.000471
Gossypium_darwinii	4568	4568	0	0	0	0	0	0	0	1.000000
Gossypium_herbaceum	2291	2291	0	0	0	0	0	0	0	1.000000
Gossypium_hirsutum	4388	4388	0	0	0	0	0	0	0	1.000000
Gossypium_longicalyx	2177	2177	0	0	0	0	0	0	0	1.000000
Gossypium_raimondii	2288	2288	0	0	0	0	0	0	0	1.000000
Gossypium_rotundifolium	2086	2086	0	0	0	0	0	0	0	1.000000
Gossypium_stocksii	2272	1	2271	2271	0	2271	0	0	0	0.000440
Gossypium_sturtianum	2008	2008	0	0	0	0	0	0	0	1.000000
Gracilariopsis_chorda	234	234	0	0	0	0	0	0	0	1.000000
Guadua_angustifolia	4122	4122	0	0	0	0	0	0	0	1.000000
Gypsophila_paniculata	1867	23	1844	1844	0	1844	0	0	0	0.012319
Haloxylon_ammodendron	1511	1511	0	0	0	0	0	0	0	1.000000
Helianthus_annuus	4395	4395	0	0	0	0	0	0	0	1.000000
Helianthus_tuberosus	6624	6624	0	0	0	0	0	0	0	1.000000
Heliophila_variabilis	1035	1035	0	0	0	0	0	1035	1035	1.000000
Herpetospermum_pedunculosum	945	945	0	0	0	0	0	0	0	1.000000
Hibiscus_cannabinus	748	748	0	0	0	0	0	0	0	1.000000
Hippophae_rhamnoides	1503	1503	0	0	0	0	0	0	0	1.000000
Hirschfeldia_incana	1595	1595	0	0	0	0	0	0	0	1.000000
Hordeum_marinum	2744	2744	0	0	0	0	0	0	0	1.000000
Hordeum_spontaneum	2616	2614	2	0	2	2	0	2602	2602	0.999235
Hordeum_vulgare	2220	2220	0	0	0	0	0	2190	2190	1.000000
Humulus_lupulus	3628	3628	0	0	0	0	0	0	0	1.000000
Hylocereus_undatus	1230	1230	0	0	0	0	0	0	0	1.000000
Hyssopus_officinalis	3152	3152	0	0	0	0	0	3152	3152	1.000000
Ilex_latifolia	1981	1981	0	0	0	0	0	0	0	1.000000
Ilex_polyneura	1263	1263	0	0	0	0	0	0	0	1.000000
Iochroma_cyaneum	3194	3194	0	0	0	0	0	0	0	1.000000
Ipomoea_aquatica	1543	1543	0	0	0	0	0	0	0	1.000000
Ipomoea_batatas	3515	3440	75	0	75	75	0	3515	3515	0.978663
Ipomoea_cairica	1681	1681	0	0	0	0	0	0	0	1.000000
Iris_pallida	2565	2565	0	0	0	0	0	0	0	1.000000
Isatis_indigotica	1392	1392	0	0	0	0	0	0	0	1.000000
Jacaranda_mimosifolia	1458	1458	0	0	0	0	0	1451	1451	1.000000
Jasminum_sambac	1385	1385	0	0	0	0	0	0	0	1.000000
Juglans_mandshurica	1614	1614	0	0	0	0	0	1614	1614	1.000000
Juglans_sigillata	1876	1876	0	0	0	0	0	0	0	1.000000
Juncus_effusus	1415	1415	0	0	0	0	0	0	0	1.000000
Juncus_inflexus	1424	1424	0	0	0	0	0	0	0	1.000000
Kalanchoe_fedtschenkoi	1397	1397	0	0	0	0	0	0	0	1.000000
Kandelia_obovata	860	860	0	0	0	0	0	0	0	1.000000
Kingdonia_uniflora	1869	1869	0	0	0	0	0	0	0	1.000000
Klebsormidium_nitens	423	423	0	0	0	0	0	0	0	1.000000
Knoxia_roxburghii	1370	1370	0	0	0	0	0	1370	1370	1.000000
Kobresia_littledalei	1039	1039	0	0	0	0	0	0	0	1.000000
Lablab_purpureus	1130	1130	0	0	0	0	0	0	0	1.000000
Lactuca_saligna	2321	2321	0	0	0	0	0	0	0	1.000000
Lactuca_sativa	2395	2395	0	0	0	0	0	2322	2322	1.000000
Lactuca_virosa	2220	2220	0	0	0	0	0	0	0	1.000000
Lagenaria_siceraria	1078	1078	0	0	0	0	0	0	0	1.000000
Lagerstroemia_indica	2115	2115	0	0	0	0	0	0	0	1.000000
Leavenworthia_alabamica	1601	1601	0	0	0	0	0	0	0	1.000000
Leersia_perrieri	1869	1869	0	0	0	0	0	0	0	1.000000
Lemna_minor	934	934	0	0	0	0	0	0	0	1.000000
Lemna_minuta	837	837	0	0	0	0	0	0	0	1.000000
Lepidium_meyenii	4302	4302	0	0	0	0	0	0	0	1.000000
Lindenbergia_luchunensis	1558	1558	0	0	0	0	0	0	0	1.000000
Litchi_chinensis	1934	1934	0	0	0	0	0	0	0	1.000000
Lithospermum_erythrorhizon	1614	1614	0	0	0	0	0	0	0	1.000000
Lobularia_maritima	1272	1272	0	0	0	0	0	0	0	1.000000
Lolium_perenne	1892	1890	2	0	2	2	0	1787	1787	0.998943
Lolium_rigidum	3386	3386	0	0	0	0	0	0	0	1.000000
Lonicera_japonica	2636	2636	0	0	0	0	0	0	0	1.000000
Luffa_acutangula	1267	1267	0	0	0	0	0	0	0	1.000000
Luffa_cylindrica	1203	1203	0	0	0	0	0	0	0	1.000000
Lupinus_albus	1562	1562	0	0	0	0	0	0	0	1.000000
Lupinus_angustifolius	2529	2529	0	0	0	0	0	0	0	1.000000
Luvunga_scandens	1310	1310	0	0	0	0	0	1256	1256	1.000000
Lycianthes_biflora	2034	2034	0	0	0	0	0	0	0	1.000000
Lycium_barbarum	2392	2392	0	0	0	0	0	0	0	1.000000
Macadamia_integrifolia	1995	1995	0	0	0	0	0	0	0	1.000000
Magnolia_biondii	2054	2054	0	0	0	0	0	0	0	1.000000
Malania_oleifera	1172	1172	0	0	0	0	0	0	0	1.000000
Malus_baccata	2567	2567	0	0	0	0	0	0	0	1.000000
Malus_domestica	3073	3073	0	0	0	0	0	0	0	1.000000
Malus_sieversii	2676	2676	0	0	0	0	0	0	0	1.000000
Malus_sylvestris	2727	2727	0	0	0	0	0	0	0	1.000000
Manihot_esculenta	2196	2196	0	0	0	0	0	2153	2153	1.000000
Marchantia_polymorpha	607	607	0	0	0	0	0	0	0	1.000000
Medicago_polymorpha	1991	1991	0	0	0	0	0	0	0	1.000000
Medicago_truncatula	3078	3078	0	0	0	0	0	0	0	1.000000
Megacarpaea_delavayi	1592	1592	0	0	0	0	0	1575	1575	1.000000
Megadenia_pygmaea	1422	1422	0	0	0	0	0	0	0	1.000000
Melaleuca_alternifolia	3255	3255	0	0	0	0	0	0	0	1.000000
Melastoma_dodecandrum	1567	1567	0	0	0	0	0	1567	1567	1.000000
Melilotus_albus	2005	2005	0	0	0	0	0	0	0	1.000000
Mesembryanthemum_crystallinum	957	957	0	0	0	0	0	0	0	1.000000
Mesostigma_viride	285	285	0	0	0	0	0	0	0	1.000000
Mesotaenium_endlicherianum	332	332	0	0	0	0	0	0	0	1.000000
Mesua_ferrea	2555	2555	0	0	0	0	0	0	0	1.000000
Micractinium_conductrix	293	293	0	0	0	0	0	0	0	1.000000
Micromonas_pusilla	213	213	0	0	0	0	0	0	0	1.000000
Microthlaspi_erraticum	1899	1899	0	0	0	0	0	0	0	1.000000
Mikania_micrantha	2474	2474	0	0	0	0	0	2474	2474	1.000000
Mimosa_pudica	1659	1659	0	0	0	0	0	0	0	1.000000
Mimulus_guttatus	1638	1638	0	0	0	0	0	0	0	1.000000
Mimulus_luteus	2478	2478	0	0	0	0	0	0	0	1.000000
Miscanthus_lutarioriparius	4173	4173	0	0	0	0	0	0	0	1.000000
Miscanthus_sinensis	3936	3936	0	0	0	0	0	0	0	1.000000
Misopates_orontium	1671	1671	0	0	0	0	0	0	0	1.000000
Momordica_charantia	1129	1129	0	0	0	0	0	0	0	1.000000
Monoraphidium_neglectum	401	401	0	0	0	0	0	0	0	1.000000
Morella_rubra	1826	1826	0	0	0	0	0	0	0	1.000000
Moricandia_sinaica	1966	1966	0	0	0	0	0	0	0	1.000000
Moricandia_spinosa	2855	2855	0	0	0	0	0	0	0	1.000000
Moricandia_suffruticosa	2137	2137	0	0	0	0	0	0	0	1.000000
Moringa_oleifera	873	873	0	0	0	0	0	0	0	1.000000
Mucuna_pruriens	1628	1628	0	0	0	0	0	0	0	1.000000
Murraya_paniculata	1272	1272	0	0	0	0	0	1264	1264	1.000000
Musa_acuminata	1814	1814	0	0	0	0	0	0	0	1.000000
Musa_balbisiana	1354	1354	0	0	0	0	0	0	0	1.000000
Musa_beccarii	1707	1707	0	0	0	0	0	0	0	1.000000
Musa_itinerans	1352	1352	0	0	0	0	0	0	0	1.000000
Musa_schizocarpa	1553	1553	0	0	0	0	0	0	0	1.000000
Musa_textilis	1544	1544	0	0	0	0	0	1528	1528	1.000000
Musa_troglodytarum	1792	1792	0	0	0	0	0	0	0	1.000000
Nelumbo_nucifera	1735	1735	0	0	0	0	0	1730	1730	1.000000
Neolamarckia_cadamba	1774	1774	0	0	0	0	0	0	0	1.000000
Nepeta_cataria	4125	4125	0	0	0	0	0	4125	4125	1.000000
Nepeta_mussinii	2355	2355	0	0	0	0	0	2355	2358	1.000000
Nephelium_lappaceum	4352	4352	0	0	0	0	0	0	0	1.000000
Nicandra_physalodes	1427	1427	0	0	0	0	0	0	0	1.000000
Nicotiana_attenuata	1910	1910	0	0	0	0	0	0	0	1.000000
Nicotiana_benthamiana	1958	1958	0	0	0	0	0	0	0	1.000000
Nicotiana_longiflora	1999	1999	0	0	0	0	0	0	0	1.000000
Nicotiana_sylvestris	2467	2467	0	0	0	0	0	0	0	1.000000
Nicotiana_tabacum	1560	1560	0	0	0	0	0	0	0	1.000000
Nicotiana_tomentosiformis	2950	2950	0	0	0	0	0	0	0	1.000000
Nissolia_schottii	1692	1692	0	0	0	0	0	0	0	1.000000
Nymphaea_colorata	1367	1367	0	0	0	0	0	0	0	1.000000
Nymphoides_indica	1671	1671	0	0	0	0	0	0	0	1.000000
Nyssa_sinensis	2222	2222	0	0	0	0	0	2220	2220	1.000000
Nyssa_yunnanensis	2163	2163	0	0	0	0	0	0	0	1.000000
Ochroma_pyramidale	2248	2248	0	0	0	0	0	0	0	1.000000
Oldenlandia_corymbosa	1771	1771	0	0	0	0	0	1767	1767	1.000000
Olea_europaea	2088	2088	0	0	0	0	0	0	0	1.000000
Olyra_latifolia	1903	1903	0	0	0	0	0	0	0	1.000000
Ophiorrhiza_pumila	1584	1584	0	0	0	0	0	0	0	1.000000
Origanum_majorana	2211	2211	0	0	0	0	0	2211	2211	1.000000
Origanum_vulgare	2158	2158	0	0	0	0	0	2158	2158	1.000000
Orobanche_aegyptiaca	1006	1006	0	0	0	0	0	0	0	1.000000
Orobanche_cumana	1005	1005	0	0	0	0	0	0	0	1.000000
Oropetium_thomaeum	861	861	0	0	0	0	0	838	838	1.000000
Orychophragmus_violaceus	2107	2107	0	0	0	0	0	0	0	1.000000
Oryza_alta	4420	4420	0	0	0	0	0	4420	4420	1.000000
Oryza_barthii	2000	2000	0	0	0	0	0	0	0	1.000000
Oryza_brachyantha	1432	1432	0	0	0	0	0	0	0	1.000000
Oryza_coarctata	3397	3397	0	0	0	0	0	0	0	1.000000
Oryza_glaberrima	1746	1746	0	0	0	0	0	0	0	1.000000
Oryza_glumaepatula	1999	1999	0	0	0	0	0	0	0	1.000000
Oryza_granulata	1984	1969	15	0	15	15	0	25	25	0.992440
Oryza_meridionalis	1564	1564	0	0	0	0	0	0	0	1.000000
Oryza_nivara	2051	2051	0	0	0	0	0	0	0	1.000000
Oryza_punctata	1789	1789	0	0	0	0	0	0	0	1.000000
Oryza_rufipogon	2056	2056	0	0	0	0	0	0	0	1.000000
Oryza_sativa	2261	2261	0	0	0	0	0	0	0	1.000000
Ostreococcus_lucimarinus	165	165	0	0	0	0	0	0	0	1.000000
Ostrya_rehderiana	1276	1276	0	0	0	0	0	0	0	1.000000
Paeonia_ludlowii	1868	1868	0	0	0	0	0	1865	1865	1.000000
Paeonia_ostii	2060	2060	0	0	0	0	0	0	0	1.000000
Paeonia_suffruticosa	1194	1194	0	0	0	0	0	0	0	1.000000
Panax_ginseng	2816	2816	0	0	0	0	0	0	0	1.000000
Panax_japonicus	2848	2848	0	0	0	0	0	0	0	1.000000
Panax_notoginseng	1660	1660	0	0	0	0	0	0	0	1.000000
Panax_quinquefolius	2385	2385	0	0	0	0	0	0	0	1.000000
Panax_stipuleanatus	1446	1446	0	0	0	0	0	0	0	1.000000
Panicum_hallii	1703	1703	0	0	0	0	0	0	0	1.000000
Panicum_miliaceum	3128	3128	0	0	0	0	0	0	0	1.000000
Panicum_virgatum	4048	4048	0	0	0	0	0	0	0	1.000000
Papaver_rhoeas	2222	2222	0	0	0	0	0	0	0	1.000000
Papaver_setigerum	4171	4171	0	0	0	0	0	0	0	1.000000
Papaver_somniferum	2289	2289	0	0	0	0	0	0	0	1.000000
Papilionanthehookeriana_xteres	978	978	0	0	0	0	0	0	0	1.000000
Paspalum_vaginatum	2140	2140	0	0	0	0	0	0	0	1.000000
Paulownia_fortunei	1629	1629	0	0	0	0	0	0	0	1.000000
Penium_margaritaceum	1684	1684	0	0	0	0	0	0	0	1.000000
Pennisetum_purpureum	2954	2954	0	0	0	0	0	0	0	1.000000
Perilla_frutescens	4428	4428	0	0	0	0	0	4428	4428	1.000000
Persea_americana	1809	1809	0	0	0	0	0	0	0	1.000000
Petrea_volubilis	3064	3064	0	0	0	0	0	3064	3064	1.000000
Petunia_axillaris	1635	1635	0	0	0	0	0	0	0	1.000000
Petunia_inflata	1967	1967	0	0	0	0	0	0	0	1.000000
Phalaenopsis_aphrodite	944	944	0	0	0	0	0	0	0	1.000000
Pharus_latifolius	1590	1590	0	0	0	0	0	0	0	1.000000
Phaseolus_acutifolius	1747	1747	0	0	0	0	0	1747	1747	1.000000
Phaseolus_lunatus	1790	1790	0	0	0	0	0	1775	1775	1.000000
Phaseolus_vulgaris	2229	2229	0	0	0	0	0	0	0	1.000000
Phoebe_bournei	2278	2278	0	0	0	0	0	0	0	1.000000
Phragmites_australis	3340	3340	0	0	0	0	0	0	0	1.000000
Phyllostachys_edulis	3364	3364	0	0	0	0	0	0	0	1.000000
Physalis_angulata	3080	3080	0	0	0	0	0	0	0	1.000000
Physalis_grisea	1673	1673	0	0	0	0	0	0	0	1.000000
Physalis_pruinosa	1663	1663	0	0	0	0	0	0	0	1.000000
Physalis_pubescens	1686	1686	0	0	0	0	0	0	0	1.000000
Physcomitrella_patens	960	960	0	0	0	0	0	0	0	1.000000
Picrorhiza_kurrooa	2452	2452	0	0	0	0	0	0	0	1.000000
Pistia_stratiotes	952	948	4	0	4	4	0	950	950	0.995798
Pisum_sativum	1551	1551	0	0	0	0	0	0	0	1.000000
Platycodon_grandiflorus	1670	1670	0	0	0	0	0	0	0	1.000000
Pogostemon_cablin	6402	6402	0	0	0	0	0	0	0	1.000000
Polygala_tenuifolia	1488	1488	0	0	0	0	0	1469	1469	1.000000
Polygonum_cuspidatum	1478	1478	0	0	0	0	0	0	0	1.000000
Populus_deltoides	1666	1666	0	0	0	0	0	0	0	1.000000
Populus_glandulosa	4855	4855	0	0	0	0	0	0	0	1.000000
Populus_glandulosa_x_alba	4855	4855	0	0	0	0	0	0	0	1.000000
Populus_ilicifolia	1846	1842	4	0	4	4	0	1	1	0.997833
Populus_pruinosa	1947	1947	0	0	0	0	0	0	0	1.000000
Populus_tremula	1615	1615	0	0	0	0	0	0	0	1.000000
Populus_trichocarpa	3002	3002	0	0	0	0	0	0	0	1.000000
Porphyra_umbilicalis	240	240	0	0	0	0	0	0	0	1.000000
Portulaca_amilis	2194	2194	0	0	0	0	0	2186	2186	1.000000
Portulaca_oleracea	2193	2193	0	0	0	0	0	0	0	1.000000
Potentilla_anserina	2501	2501	0	0	0	0	0	0	0	1.000000
Potentilla_micrantha	1490	1490	0	0	0	0	0	0	0	1.000000
Prasinoderma_coloniale	206	206	0	0	0	0	0	0	0	1.000000
Primula_veris	904	904	0	0	0	0	0	0	0	1.000000
Prinsepia_uniflora	2000	2000	0	0	0	0	0	1998	1998	1.000000
Prosopis_alba	4409	4409	0	0	0	0	0	0	0	1.000000
Prosopis_cineraria	3368	3368	0	0	0	0	0	0	0	1.000000
Protea_cynaroides	1519	1519	0	0	0	0	0	0	0	1.000000
Prunus_armeniaca	2168	2168	0	0	0	0	0	0	0	1.000000
Prunus_avium	2116	2116	0	0	0	0	0	0	0	1.000000
Prunus_campanulata	1937	1937	0	0	0	0	0	0	0	1.000000
Prunus_domestica	6243	6243	0	0	0	0	0	0	0	1.000000
Prunus_dulcis	2130	2130	0	0	0	0	0	0	0	1.000000
Prunus_fruticosa	7550	7550	0	0	0	0	0	0	0	1.000000
Prunus_hongpingensis	1568	1568	0	0	0	0	0	0	0	1.000000
Prunus_mandshurica	2425	2425	0	0	0	0	0	0	0	1.000000
Prunus_mongolica	1593	1593	0	0	0	0	0	0	0	1.000000
Prunus_mume	1827	1827	0	0	0	0	0	0	0	1.000000
Prunus_salicina	1115	1115	0	0	0	0	0	0	0	1.000000
Prunus_sibirica	2739	2739	0	0	0	0	0	0	0	1.000000
Prunus_x_kanzakura	4141	4141	0	0	0	0	0	0	0	1.000000
Prunus_yedoensis	2434	2434	0	0	0	0	0	0	0	1.000000
Prunus_zhengheensis	1467	1467	0	0	0	0	0	0	0	1.000000
Pterocarpus_macrocarpus	1840	1840	0	0	0	0	0	0	0	1.000000
Pterocarpus_santalinus	2012	2012	0	0	0	0	0	0	0	1.000000
Punica_granatum	1593	1590	3	0	3	3	0	0	0	0.998117
Pyrus_betulifolia	2958	2958	0	0	0	0	0	0	0	1.000000
Pyrus_bretschneideri	2538	2538	0	0	0	0	0	0	0	1.000000
Pyrus_communis	2329	2329	0	0	0	0	0	0	0	1.000000
Pyrus_pyrifolia	2653	2653	0	0	0	0	0	0	0	1.000000
Quercus_acutissima	1794	1794	0	0	0	0	0	0	0	1.000000
Quercus_dentata	3482	3482	0	0	0	0	0	3482	3482	1.000000
Quercus_mongolica	1878	1878	0	0	0	0	0	0	0	1.000000
Quercus_robur	3266	3266	0	0	0	0	0	0	0	1.000000
Quercus_suber	4957	4957	0	0	0	0	0	0	0	1.000000
Quercus_variabilis	1787	1787	0	0	0	0	0	0	0	1.000000
Raddia_distichophylla	1317	1317	0	0	0	0	0	0	0	1.000000
Raddia_guianensis	1525	1525	0	0	0	0	0	0	0	1.000000
Raphanus_sativus	1876	1876	0	0	0	0	0	0	0	1.000000
Rhamphospermum_arvense	2446	2446	0	0	0	0	0	0	0	1.000000
Rheum_tanguticum	1584	1584	0	0	0	0	0	0	0	1.000000
Rhodiola_crenulata	1264	1264	0	0	0	0	0	0	0	1.000000
Rhododendron_delavayi	1958	1958	0	0	0	0	0	0	0	1.000000
Rhododendron_griersonianum	1517	1517	0	0	0	0	0	0	0	1.000000
Rhododendron_henanense	1493	1493	0	0	0	0	0	0	0	1.000000
Rhododendron_molle	1949	1949	0	0	0	0	0	0	0	1.000000
Rhododendron_ovatum	2899	2899	0	0	0	0	0	0	0	1.000000
Rhododendron_prattii	2558	2558	0	0	0	0	0	0	0	1.000000
Rhododendron_ripense	2105	2105	0	0	0	0	0	0	0	1.000000
Rhododendron_simsii	2057	2057	0	0	0	0	0	0	0	1.000000
Rhododendron_vialii	4653	4653	0	0	0	0	0	4653	4653	1.000000
Rhododendron_williamsianum	1243	1243	0	0	0	0	0	0	0	1.000000
Rhynchospora_breviuscula	1361	1361	0	0	0	0	0	0	0	1.000000
Rhynchospora_pubera	4927	4927	0	0	0	0	0	0	0	1.000000
Rhynchospora_tenuis	1536	1536	0	0	0	0	0	0	0	1.000000
Ricinus_communis	1341	1341	0	0	0	0	0	0	0	1.000000
Robinia_pseudoacacia	2116	2103	13	0	13	13	0	2116	2116	0.993856
Roridula_gorgonias	1178	1178	0	0	0	0	0	0	0	1.000000
Rosa_chinensis	3531	3531	0	0	0	0	0	0	0	1.000000
Rosa_multiflora	4921	4921	0	0	0	0	0	0	0	1.000000
Rosa_roxburghii	2459	2459	0	0	0	0	0	0	0	1.000000
Rosa_rugosa	2417	2417	0	0	0	0	0	0	0	1.000000
Rosa_wichuraiana	2587	2587	0	0	0	0	0	0	0	1.000000
Rubus_argutus	2071	2071	0	0	0	0	0	0	0	1.000000
Rubus_chingii	2556	2556	0	0	0	0	0	0	0	1.000000
Rubus_corchorifolius	1426	1426	0	0	0	0	0	0	0	1.000000
Rubus_occidentalis	1828	1828	0	0	0	0	0	0	0	1.000000
Rumex_hastatulus	460	458	2	0	2	2	0	460	460	0.995652
Saccharum_hybrid	693	693	0	0	0	0	0	0	0	1.000000
Saccharum_spontaneum	4997	4997	0	0	0	0	0	0	0	1.000000
Salix_arbutifolia	1683	1683	0	0	0	0	0	0	0	1.000000
Salix_brachista	1849	1849	0	0	0	0	0	0	0	1.000000
Salix_chaenomeloides	1672	1672	0	0	0	0	0	0	0	1.000000
Salix_integra	1634	1634	0	0	0	0	0	0	0	1.000000
Salix_koriyanagi	1461	1461	0	0	0	0	0	0	0	1.000000
Salix_purpurea	1634	1634	0	0	0	0	0	0	0	1.000000
Salix_suchowensis	2297	2297	0	0	0	0	0	0	0	1.000000
Salvia_bowleyana	2179	2178	1	0	1	1	0	0	0	0.999541
Salvia_hispanica	1427	1427	0	0	0	0	0	0	0	1.000000
Salvia_rosmarinus	2128	2128	0	0	0	0	0	0	0	1.000000
Salvinia_cucullata	761	761	0	0	0	0	0	0	0	1.000000
Santalum_album	1110	1110	0	0	0	0	0	0	0	1.000000
Santalum_yasi	1094	1094	0	0	0	0	0	0	0	1.000000
Sapindus_mukorossi	1504	1504	0	0	0	0	0	0	0	1.000000
Saururus_chinensis	1402	1402	0	0	0	0	0	0	0	1.000000
Schrenkiella_parvula	1359	1359	0	0	0	0	0	0	0	1.000000
Sclerocarya_birrea	1432	1432	0	0	0	0	0	0	0	1.000000
Scurrula_parasitica	853	853	0	0	0	0	0	0	0	1.000000
Scutellaria_baicalensis	1512	1512	0	0	0	0	0	0	0	1.000000
Secale_cereale	2990	2990	0	0	0	0	0	0	0	1.000000
Sechium_edule	1384	1384	0	0	0	0	0	0	0	1.000000
Selaginella_moellendorffii	901	901	0	0	0	0	0	0	0	1.000000
Selenicereus_undatus	1230	1230	0	0	0	0	0	1159	1159	1.000000
Senna_siamea	1359	1359	0	0	0	0	0	0	0	1.000000
Senna_tora	1648	1648	0	0	0	0	0	0	0	1.000000
Sequoiadendron_giganteum	3151	3151	0	0	0	0	0	0	0	1.000000
Setaria_italica	2082	2082	0	0	0	0	0	0	0	1.000000
Setaria_viridis	2049	2049	0	0	0	0	0	0	0	1.000000
Shorea_wangtianshuea	1341	1341	0	0	0	0	0	0	0	1.000000
Silene_latifolia	2128	2128	0	0	0	0	0	0	0	1.000000
Simmondsia_chinensis	1113	1113	0	0	0	0	0	0	0	1.000000
Sinapis_alba	1974	1974	0	0	0	0	0	0	0	1.000000
Siraitia_grosvenorii	1194	1194	0	0	0	0	0	0	0	1.000000
Sisymbrium_irio	1708	1708	0	0	0	0	0	0	0	1.000000
Smallanthus_sonchifolius	4223	4223	0	0	0	0	0	0	0	1.000000
Solanum_aethiopicum	1247	1247	0	0	0	0	0	0	0	1.000000
Solanum_americanum	2314	2314	0	0	0	0	0	0	0	1.000000
Solanum_andreanum	3329	3329	0	0	0	0	0	0	0	1.000000
Solanum_atropurpureum	2006	2006	0	0	0	0	0	0	0	1.000000
Solanum_boliviense	4366	4366	0	0	0	0	0	0	0	1.000000
Solanum_brevicaule	5138	5138	0	0	0	0	0	0	0	1.000000
Solanum_buesii	3434	3434	0	0	0	0	0	0	0	1.000000
Solanum_bulbocastanum	2908	2908	0	0	0	0	0	0	0	1.000000
Solanum_burkartii	2997	2997	0	0	0	0	0	0	0	1.000000
Solanum_cajamarquense	3231	3231	0	0	0	0	0	0	0	1.000000
Solanum_candolleanum	4550	4550	0	0	0	0	0	0	0	1.000000
Solanum_capsicoides	1895	1895	0	0	0	0	0	0	0	1.000000
Solanum_chacoense	5329	5329	0	0	0	0	0	0	0	1.000000
Solanum_chilense	1196	1196	0	0	0	0	0	0	0	1.000000
Solanum_chomatophilum	3891	3891	0	0	0	0	0	0	0	1.000000
Solanum_commersonii	2362	2362	0	0	0	0	0	0	0	1.000000
Solanum_dulcamara	2030	2030	0	0	0	0	0	0	0	1.000000
Solanum_erianthum	2341	2341	0	0	0	0	0	0	0	1.000000
Solanum_etuberosum	1488	1488	0	0	0	0	0	0	0	1.000000
Solanum_habrochaites	1433	1433	0	0	0	0	0	0	0	1.000000
Solanum_jamesii	3411	3411	0	0	0	0	0	0	0	1.000000
Solanum_laciniatum	4111	4111	0	0	0	0	0	0	0	1.000000
Solanum_lignicaule	3443	3443	0	0	0	0	0	0	0	1.000000
Solanum_lycopersicum	1614	1614	0	0	0	0	0	0	0	1.000000
Solanum_lyratum	1711	1711	0	0	0	0	0	0	0	1.000000
Solanum_macrocarpon	2437	2437	0	0	0	0	0	0	0	1.000000
Solanum_mammosum	2437	2437	0	0	0	0	0	0	0	1.000000
Solanum_melongena	1544	1544	0	0	0	0	0	0	0	1.000000
Solanum_morelliforme	2256	2256	0	0	0	0	0	0	0	1.000000
Solanum_multiinterruptum	3945	3945	0	0	0	0	0	0	0	1.000000
Solanum_muricatum	1400	1400	0	0	0	0	0	0	0	1.000000
Solanum_neorossii	3843	3843	0	0	0	0	0	0	0	1.000000
Solanum_ochranthum	1852	1852	0	0	0	0	0	0	0	1.000000
Solanum_palustre	1834	1834	0	0	0	0	0	0	0	1.000000
Solanum_paucissectum	4284	4284	0	0	0	0	0	0	0	1.000000
Solanum_pennellii	1500	1500	0	0	0	0	0	0	0	1.000000
Solanum_pimpinellifolium	1604	1604	0	0	0	0	0	0	0	1.000000
Solanum_pinnatisectum	3252	3252	0	0	0	0	0	0	0	1.000000
Solanum_piurae	3474	3474	0	0	0	0	0	0	0	1.000000
Solanum_pseudocapsicum	2357	2357	0	0	0	0	0	0	0	1.000000
Solanum_retroflexum	5712	5712	0	0	0	0	0	0	0	1.000000
Solanum_rostratum	1468	1468	0	0	0	0	0	1462	1462	1.000000
Solanum_scabrum	5772	5772	0	0	0	0	0	0	0	1.000000
Solanum_seaforthianum	1723	1723	0	0	0	0	0	0	0	1.000000
Solanum_septemlobum	1627	1627	0	0	0	0	0	0	0	1.000000
Solanum_sogarandinum	3345	3345	0	0	0	0	0	0	0	1.000000
Solanum_spirale	3377	3377	0	0	0	0	0	0	0	1.000000
Solanum_stenotomum	2746	2746	0	0	0	0	0	0	0	1.000000
Solanum_stramoniifolium	2132	2132	0	0	0	0	0	0	0	1.000000
Solanum_torvum	2321	2321	0	0	0	0	0	0	0	1.000000
Solanum_tuberosum	2099	2071	28	0	28	28	0	2058	2058	0.986660
Solanum_vernei	4922	4922	0	0	0	0	0	0	0	1.000000
Solanum_verrucosum	1920	1920	0	0	0	0	0	0	0	1.000000
Solanum_viarum	1943	1943	0	0	0	0	0	0	0	1.000000
Solanum_wrightii	2153	2153	0	0	0	0	0	0	0	1.000000
Sorbus_aucuparia	2913	2913	0	0	0	0	0	0	0	1.000000
Sorghum_bicolor	1749	1749	0	0	0	0	0	0	0	1.000000
Sparganium_stoloniferum	1043	1043	0	0	0	0	0	1041	1041	1.000000
Spatholobus_suberectus	1673	1673	0	0	0	0	0	0	0	1.000000
Speranskia_yunnanensis	1184	1184	0	0	0	0	0	0	0	1.000000
Spinacia_oleracea	1185	1185	0	0	0	0	0	0	0	1.000000
Spirodela_intermedia	944	944	0	0	0	0	0	0	0	1.000000
Spirodela_polyrhiza	1090	1090	0	0	0	0	0	0	0	1.000000
Spirogloea_muscicola	714	714	0	0	0	0	0	0	0	1.000000
Sporobolus_pyramidalis	2390	2390	0	0	0	0	0	0	0	1.000000
Sporobolus_stapfianus	2529	2529	0	0	0	0	0	0	0	1.000000
Stephania_japonica	1041	1041	0	0	0	0	0	0	0	1.000000
Stevia_rebaudiana	2871	2871	0	0	0	0	0	2863	2863	1.000000
Striga_hermonthica	1159	1159	0	0	0	0	0	0	0	1.000000
Strobilanthes_cusia	1938	1938	0	0	0	0	0	0	0	1.000000
Synsepalum_dulcificum	1728	1728	0	0	0	0	0	0	0	1.000000
Syzygium_grande	2025	2025	0	0	0	0	0	0	0	1.000000
Tamarix_chinensis	1938	1938	0	0	0	0	0	1267	1267	1.000000
Taraxacum_koksaghyz	1954	1954	0	0	0	0	0	0	0	1.000000
Taraxacum_mongolicum	2918	2918	0	0	0	0	0	0	0	1.000000
Tarenaya_hassleriana	1262	1244	18	0	18	18	0	0	0	0.985737
Telopea_speciosissima	2267	2267	0	0	0	0	0	0	0	1.000000
Tetrabaena_socialis	497	497	0	0	0	0	0	0	0	1.000000
Tetracentron_sinense	2015	2015	0	0	0	0	0	0	0	1.000000
Theobroma_cacao	1740	1740	0	0	0	0	0	0	0	1.000000
Thinopyrum_elongatum	2884	2884	0	0	0	0	0	0	0	1.000000
Thlaspi_arvense	1554	1554	0	0	0	0	0	1545	1545	1.000000
Tiarella_polyphylla	1142	1142	0	0	0	0	0	0	0	1.000000
Toona_sinensis	1345	1345	0	0	0	0	0	0	0	1.000000
Trichopus_zeylanicus	1571	1527	44	0	44	44	0	427	427	0.971992
Trifolium_pratense	2853	2853	0	0	0	0	0	0	0	1.000000
Trifolium_repens	4009	4009	0	0	0	0	0	0	0	1.000000
Triticum_aestivum	8233	8233	0	0	0	0	0	0	0	1.000000
Triticum_monococcum	3347	3347	0	0	0	0	0	3269	3269	1.000000
Triticum_turgidum	4856	4856	0	0	0	0	0	0	0	1.000000
Triticum_urartu	2661	2661	0	0	0	0	0	0	0	1.000000
Trochodendron_aralioides	1880	1880	0	0	0	0	0	1847	1847	1.000000
Tubocapsicum_anomalum	3153	3153	0	0	0	0	0	0	0	1.000000
Ulva_mutabilis	380	380	0	0	0	0	0	0	0	1.000000
Vaccinium_caesariense	2156	2156	0	0	0	0	0	0	0	1.000000
Vaccinium_corymbosum	2078	2078	0	0	0	0	0	0	0	1.000000
Vaccinium_darrowii	1454	1454	0	0	0	0	0	0	0	1.000000
Vaccinium_duclouxii	1961	1961	0	0	0	0	0	0	0	1.000000
Vaccinium_macrocarpon	1794	1794	0	0	0	0	0	0	0	1.000000
Vaccinium_microcarpum	1753	1753	0	0	0	0	0	0	0	1.000000
Vaccinium_myrtillus	2087	2087	0	0	0	0	0	0	0	1.000000
Vaccinium_oxycoccos	1788	1788	0	0	0	0	0	0	0	1.000000
Vatica_odorata	1825	1825	0	0	0	0	0	0	0	1.000000
Vatica_rassak	1625	1625	0	0	0	0	0	0	0	1.000000
Vicia_faba	1597	1597	0	0	0	0	0	0	0	1.000000
Vicia_sativa	2340	2340	0	0	0	0	0	0	0	1.000000
Vigna_hirtella	1693	1693	0	0	0	0	0	1688	1688	1.000000
Vigna_subterranea	1643	1643	0	0	0	0	0	0	0	1.000000
Vigna_umbellata	2048	2048	0	0	0	0	0	0	0	1.000000
Vigna_unguiculata	2032	2032	0	0	0	0	0	0	0	1.000000
Vitellaria_paradoxa	1629	1629	0	0	0	0	0	0	0	1.000000
Vitis_amurensis	2112	2112	0	0	0	0	0	0	0	1.000000
Vitis_arizonica	4587	4587	0	0	0	0	0	4466	4466	1.000000
Vitis_berlandieri	2533	2533	0	0	0	0	0	0	0	1.000000
Vitis_labrusca	2771	2771	0	0	0	0	0	0	0	1.000000
Vitis_riparia	2636	2636	0	0	0	0	0	0	0	1.000000
Vitis_rotundifolia	3424	3424	0	0	0	0	0	0	0	1.000000
Vitis_rupestris	2696	2696	0	0	0	0	0	0	0	1.000000
Vitis_vinifera	2332	2332	0	0	0	0	0	0	0	1.000000
Vitis_xlabruscana	2520	2520	0	0	0	0	0	0	0	1.000000
Volvox_carteri	478	478	0	0	0	0	0	0	0	1.000000
Welwitschia_mirabilis	1095	1095	0	0	0	0	0	0	0	1.000000
Wolffia_australiana	684	661	23	0	23	23	0	680	680	0.966374
Wurfbainia_longiligularis	2145	2141	4	0	4	4	0	2145	2145	0.998135
Xanthoceras_sorbifolium	869	869	0	0	0	0	0	0	0	1.000000
Zantedeschia_elliottiana	1078	1078	0	0	0	0	0	1063	1063	1.000000
Zea_mays	1779	1779	0	0	0	0	0	0	0	1.000000
Zingiber_officinale	6088	6086	2	0	2	2	0	6081	6081	0.999671
Zizania_latifolia	1957	1957	0	0	0	0	0	0	0	1.000000
Ziziphus_jujuba	4244	4244	0	0	0	0	0	0	0	1.000000
Zostera_marina	940	940	0	0	0	0	0	0	0	1.000000
Zostera_muelleri	1527	1527	0	0	0	0	0	0	0	1.000000
Zoysia_japonica	1576	1576	0	0	0	0	0	0	0	1.000000
Zoysia_matrella	2576	2576	0	0	0	0	0	0	0	1.000000
Zoysia_pacifica	1763	1763	0	0	0	0	0	0	0	1.000000
