species	type	filename	invalid_chars	record_count	example_seq_id
Arabidopsis_halleri	CDS	Arabidopsis_halleri.rga.cds.fa	Y	12	g32075.t1
Arabidopsis_halleri	CDS	Arabidopsis_halleri.rga.cds.fa	RY	12	g18911.t1
Arabidopsis_halleri	CDS	Arabidopsis_halleri.rga.cds.fa	R	11	g08002.t1
Arabidopsis_halleri	CDS	Arabidopsis_halleri.rga.cds.fa	W	6	g16883.t1
Arabidopsis_halleri	CDS	Arabidopsis_halleri.rga.cds.fa	K	5	g16305.t1
Arabidopsis_halleri	CDS	Arabidopsis_halleri.rga.cds.fa	KMRSWY	5	g16273.t1
Arabidopsis_halleri	CDS	Arabidopsis_halleri.rga.cds.fa	MRY	4	g16401.t1
Arabidopsis_halleri	CDS	Arabidopsis_halleri.rga.cds.fa	S	3	g26276.t1
Arabidopsis_halleri	CDS	Arabidopsis_halleri.rga.cds.fa	KRY	3	g31004.t1
Arabidopsis_halleri	CDS	Arabidopsis_halleri.rga.cds.fa	RW	3	g31633.t1
Arabidopsis_halleri	CDS	Arabidopsis_halleri.rga.cds.fa	RWY	3	g29779.t3
Arabidopsis_halleri	CDS	Arabidopsis_halleri.rga.cds.fa	KY	3	g15194.t1
Arabidopsis_halleri	CDS	Arabidopsis_halleri.rga.cds.fa	WY	3	g04094.t1
Arabidopsis_halleri	CDS	Arabidopsis_halleri.rga.cds.fa	M	3	g14703.t1
Arabidopsis_halleri	CDS	Arabidopsis_halleri.rga.cds.fa	RSWY	2	g14214.t1
Arabidopsis_halleri	CDS	Arabidopsis_halleri.rga.cds.fa	KMRWY	2	g11898.t1
Arabidopsis_halleri	CDS	Arabidopsis_halleri.rga.cds.fa	KR	2	g27987.t1
Arabidopsis_halleri	CDS	Arabidopsis_halleri.rga.cds.fa	KMRSY	1	g26873.t1
Arabidopsis_halleri	CDS	Arabidopsis_halleri.rga.cds.fa	KRS	1	g23482.t1
Arabidopsis_halleri	CDS	Arabidopsis_halleri.rga.cds.fa	KRW	1	g19873.t1
Arabidopsis_halleri	CDS	Arabidopsis_halleri.rga.cds.fa	KM	1	g26273.t1
Arabidopsis_halleri	CDS	Arabidopsis_halleri.rga.cds.fa	KW	1	g00961.t1
Arabidopsis_halleri	CDS	Arabidopsis_halleri.rga.cds.fa	MWY	1	g31505.t1
Arabidopsis_halleri	CDS	Arabidopsis_halleri.rga.cds.fa	SW	1	g25269.t1
Arabidopsis_halleri	CDS	Arabidopsis_halleri.rga.cds.fa	MY	1	g24131.t1
Arabidopsis_halleri	CDS	Arabidopsis_halleri.rga.cds.fa	MRSWY	1	g22818.t1
Arabidopsis_halleri	CDS	Arabidopsis_halleri.rga.cds.fa	KS	1	g16859.t1
Arabidopsis_halleri	CDS	Arabidopsis_halleri.rga.cds.fa	KRSWY	1	g31917.t1
Arabidopsis_halleri	CDS	Arabidopsis_halleri.rga.cds.fa	MRSW	1	g31728.t1
Arabidopsis_halleri	CDS	Arabidopsis_halleri.rga.cds.fa	KRSY	1	g19506.t1
Arabidopsis_halleri	CDS	Arabidopsis_halleri.rga.cds.fa	KMWY	1	g30633.t1
Arabidopsis_halleri	CDS	Arabidopsis_halleri.rga.cds.fa	MR	1	g09458.t1
Arabidopsis_halleri	CDS	Arabidopsis_halleri.rga.cds.fa	MW	1	g26628.t1
Arabis_nemorensis	CDS	Arabis_nemorensis.rga.cds.fa	W	1	rna_ANE_LOCUS24463
Arabis_nemorensis	CDS	Arabis_nemorensis.rga.cds.fa	S	1	rna_ANE_LOCUS25538
Arabis_nemorensis	CDS	Arabis_nemorensis.rga.cds.fa	M	1	rna_ANE_LOCUS19004
Arabis_nemorensis	CDS	Arabis_nemorensis.rga.cds.fa	Y	1	rna_ANE_LOCUS7172
Arabis_nemorensis	CDS	Arabis_nemorensis.rga.cds.fa	K	1	rna_ANE_LOCUS4036
Arabis_nemorensis	CDS	Arabis_nemorensis.rga.cds.fa	KMSWY	1	rna_ANE_LOCUS15458
Brachypodium_stace	CDS	Brachypodium_stace.rga.cds.fa	KMRSWY	2	Brast10G185900.1.v0.1.stacei
Brachypodium_stace	CDS	Brachypodium_stace.rga.cds.fa	HKRY	2	Brast08G241600.1.v0.1.stacei
Brachypodium_stace	CDS	Brachypodium_stace.rga.cds.fa	R	2	Brast04G292500.1.v0.1.stacei
Brachypodium_stace	CDS	Brachypodium_stace.rga.cds.fa	KSY	2	Brast04G245700.1.v0.1.stacei
Brachypodium_stace	CDS	Brachypodium_stace.rga.cds.fa	KMRS	2	Brast08G038700.1.v0.1.stacei
Brachypodium_stace	CDS	Brachypodium_stace.rga.cds.fa	Y	2	Brast06G079800.1.v0.1.stacei
Brachypodium_stace	CDS	Brachypodium_stace.rga.cds.fa	KMRY	2	Brast10G196800.1.v0.1.stacei
Brachypodium_stace	CDS	Brachypodium_stace.rga.cds.fa	M	1	Brast10G036900.1.v0.1.stacei
Brachypodium_stace	CDS	Brachypodium_stace.rga.cds.fa	RW	1	Brast08G247300.1.v0.1.stacei
Brachypodium_stace	CDS	Brachypodium_stace.rga.cds.fa	MRY	1	Brast01G384600.1.v0.1.stacei
Brachypodium_stace	CDS	Brachypodium_stace.rga.cds.fa	KRY	1	Brast09G029700.1.v0.1.stacei
Brachypodium_stace	CDS	Brachypodium_stace.rga.cds.fa	MY	1	Brast01G390200.1.v0.1.stacei
Brachypodium_stace	CDS	Brachypodium_stace.rga.cds.fa	S	1	Brast06G136100.1.v0.1.stacei
Brachypodium_stace	CDS	Brachypodium_stace.rga.cds.fa	MRS	1	Brast02G083600.1.v0.1.stacei
Brachypodium_stace	CDS	Brachypodium_stace.rga.cds.fa	KRSWY	1	Brast06G136500.1.v0.1.stacei
Brachypodium_stace	CDS	Brachypodium_stace.rga.cds.fa	K	1	Brast10G020400.1.v0.1.stacei
Brachypodium_stace	CDS	Brachypodium_stace.rga.cds.fa	SWY	1	Brast08G038600.1.v0.1.stacei
Brachypodium_stace	CDS	Brachypodium_stace.rga.cds.fa	KRV	1	Brast03G298000.1.v0.1.stacei
Brassica_nigra	CDS	Brassica_nigra.rga.cds.fa	DEFHIKLMPQRSVWY	2331	BniB05g069730.2N.1
Brassica_nigra	CDS	Brassica_nigra.rga.cds.fa	DEFHIKLMPQRSVY	33	BniB03g021960.2N.1
Brassica_nigra	CDS	Brassica_nigra.rga.cds.fa	DEFHIKLMPQRSVWXY	20	BniB04g016520.2N.1
Brassica_nigra	CDS	Brassica_nigra.rga.cds.fa	DEFIKLMPQRSVWY	10	BniB03g052230.2N.1
Brassica_nigra	CDS	Brassica_nigra.rga.cds.fa	DEFHIKLMPQRSVW	8	BniB01g044760.2N.1
Brassica_nigra	CDS	Brassica_nigra.rga.cds.fa	DEFHIKLMPRSVWY	4	BniB08g006140.2N.1
Brassica_nigra	CDS	Brassica_nigra.rga.cds.fa	DEFHIKLMPRSVY	3	BniB02g046100.2N.1
Brassica_nigra	CDS	Brassica_nigra.rga.cds.fa	DEFHIKLMQRSVY	3	BniB04g047170.2N.1
Brassica_nigra	CDS	Brassica_nigra.rga.cds.fa	DEFHIKLMPQRSV	2	BniB02g040350.2N.1
Brassica_nigra	CDS	Brassica_nigra.rga.cds.fa	DEFHILMPQRSVWY	2	BniB05g069110.2N.1
Brassica_nigra	CDS	Brassica_nigra.rga.cds.fa	DEFIKLMPQRSVY	2	BniB08g021990.2N.1
Brassica_nigra	CDS	Brassica_nigra.rga.cds.fa	DEFHIKLMQRSVWY	2	BniB01g011670.2N.1
Brassica_nigra	CDS	Brassica_nigra.rga.cds.fa	DEHIKLPQRSV	1	BniB04g016480.2N.1
Brassica_nigra	CDS	Brassica_nigra.rga.cds.fa	DEFIKLMPQRSVW	1	BniB03g061370.2N.1
Brassica_nigra	CDS	Brassica_nigra.rga.cds.fa	DEHIKLMPQRSVWY	1	BniB01g044820.2N.1
Brassica_nigra	CDS	Brassica_nigra.rga.cds.fa	DEHIKLMPQRSV	1	BniB03g026710.2N.1
Brassica_nigra	CDS	Brassica_nigra.rga.cds.fa	DEFIKLMPQRSWY	1	BniB06g055500.2N.1
Brassica_nigra	CDS	Brassica_nigra.rga.cds.fa	DEHIKLMPQRSVY	1	BniB04g005110.2N.1
Brassica_nigra	CDS	Brassica_nigra.rga.cds.fa	DEFHIKLQRSVWY	1	BniB04g055460.2N.1
Brassica_nigra	CDS	Brassica_nigra.rga.cds.fa	DEFIKLPQRSVWY	1	BniB06g056600.2N.1
Brassica_nigra	CDS	Brassica_nigra.rga.cds.fa	DEFHIKLQRSVW	1	BniB03g028720.2N.1
Brassica_nigra	CDS	Brassica_nigra.rga.cds.fa	DFIKLMPRSVY	1	BniB03g060070.2N.1
Brassica_nigra	CDS	Brassica_nigra.rga.cds.fa	EIKLPRSVWXY	1	BniB03g041420.2N.1
Catharanthus_roseus	CDS	Catharanthus_roseus.rga.cds.fa	Y	3	CRO_T030320
Catharanthus_roseus	CDS	Catharanthus_roseus.rga.cds.fa	R	3	CRO_T003736
Catharanthus_roseus	CDS	Catharanthus_roseus.rga.cds.fa	S	2	CRO_T001234
Catharanthus_roseus	CDS	Catharanthus_roseus.rga.cds.fa	RY	1	CRO_T030916
Catharanthus_roseus	CDS	Catharanthus_roseus.rga.cds.fa	KY	1	CRO_T031789
Catharanthus_roseus	CDS	Catharanthus_roseus.rga.cds.fa	KMRY	1	CRO_T018430
Catharanthus_roseus	CDS	Catharanthus_roseus.rga.cds.fa	KRW	1	CRO_T010467
Catharanthus_roseus	CDS	Catharanthus_roseus.rga.cds.fa	KR	1	CRO_T032198
Catharanthus_roseus	CDS	Catharanthus_roseus.rga.cds.fa	KRY	1	CRO_T028847
Catharanthus_roseus	CDS	Catharanthus_roseus.rga.cds.fa	MSW	1	CRO_T018290
Chara_braunii	CDS	Chara_braunii.rga.cds.fa	R	11	GBG77308
Chara_braunii	CDS	Chara_braunii.rga.cds.fa	MRSY	10	GBG86975
Chara_braunii	CDS	Chara_braunii.rga.cds.fa	Y	9	GBG82475
Chara_braunii	CDS	Chara_braunii.rga.cds.fa	KMRSWY	8	GBG84946
Chara_braunii	CDS	Chara_braunii.rga.cds.fa	S	7	GBG88271
Chara_braunii	CDS	Chara_braunii.rga.cds.fa	KRSY	6	GBG88264
Chara_braunii	CDS	Chara_braunii.rga.cds.fa	RY	6	GBG75531
Chara_braunii	CDS	Chara_braunii.rga.cds.fa	K	6	GBG71176
Chara_braunii	CDS	Chara_braunii.rga.cds.fa	KMRSY	6	GBG79938
Chara_braunii	CDS	Chara_braunii.rga.cds.fa	KMRY	5	GBG93229
Chara_braunii	CDS	Chara_braunii.rga.cds.fa	MRY	4	GBG67772
Chara_braunii	CDS	Chara_braunii.rga.cds.fa	MRSWY	3	GBG67032
Chara_braunii	CDS	Chara_braunii.rga.cds.fa	KRSWY	3	GBG83150
Chara_braunii	CDS	Chara_braunii.rga.cds.fa	KRY	2	GBG92287
Chara_braunii	CDS	Chara_braunii.rga.cds.fa	KMSY	2	GBG67055
Chara_braunii	CDS	Chara_braunii.rga.cds.fa	KMSWY	2	GBG79918
Chara_braunii	CDS	Chara_braunii.rga.cds.fa	MR	2	GBG92158
Chara_braunii	CDS	Chara_braunii.rga.cds.fa	KMY	2	GBG82109
Chara_braunii	CDS	Chara_braunii.rga.cds.fa	SY	2	GBG90309
Chara_braunii	CDS	Chara_braunii.rga.cds.fa	KRW	2	GBG84617
Chara_braunii	CDS	Chara_braunii.rga.cds.fa	MSY	2	GBG87282
Chara_braunii	CDS	Chara_braunii.rga.cds.fa	M	2	GBG83381
Chara_braunii	CDS	Chara_braunii.rga.cds.fa	RWY	1	GBG71710
Chara_braunii	CDS	Chara_braunii.rga.cds.fa	WY	1	GBG73607
Chara_braunii	CDS	Chara_braunii.rga.cds.fa	KRWY	1	GBG77264
Chara_braunii	CDS	Chara_braunii.rga.cds.fa	KMR	1	GBG92634
Chara_braunii	CDS	Chara_braunii.rga.cds.fa	RW	1	GBG67420
Chara_braunii	CDS	Chara_braunii.rga.cds.fa	RSW	1	GBG69107
Chara_braunii	CDS	Chara_braunii.rga.cds.fa	RS	1	GBG79011
Chara_braunii	CDS	Chara_braunii.rga.cds.fa	KY	1	GBG79925
Chara_braunii	CDS	Chara_braunii.rga.cds.fa	MRWY	1	GBG92520
Chara_braunii	CDS	Chara_braunii.rga.cds.fa	DMSVY	1	GBG85579
Chara_braunii	CDS	Chara_braunii.rga.cds.fa	RSY	1	GBG83509
Chara_braunii	CDS	Chara_braunii.rga.cds.fa	MSW	1	GBG92155
Chara_braunii	CDS	Chara_braunii.rga.cds.fa	MY	1	GBG82884
Chara_braunii	CDS	Chara_braunii.rga.cds.fa	MRSW	1	GBG77267
Chara_braunii	CDS	Chara_braunii.rga.cds.fa	KS	1	GBG92285
Chara_braunii	CDS	Chara_braunii.rga.cds.fa	KSW	1	GBG83263
Cicer_reticulatum	CDS	Cicer_reticulatum.rga.cds.fa	R	8	Cr_08076.1_v2
Cicer_reticulatum	CDS	Cicer_reticulatum.rga.cds.fa	Y	6	Cr_13376.1_v2
Cicer_reticulatum	CDS	Cicer_reticulatum.rga.cds.fa	RW	4	Cr_08080.1_v2
Cicer_reticulatum	CDS	Cicer_reticulatum.rga.cds.fa	KRY	4	Cr_12114.1_v2
Cicer_reticulatum	CDS	Cicer_reticulatum.rga.cds.fa	KRS	3	Cr_02972.1_v2
Cicer_reticulatum	CDS	Cicer_reticulatum.rga.cds.fa	RY	3	Cr_15454.1_v2
Cicer_reticulatum	CDS	Cicer_reticulatum.rga.cds.fa	KY	3	Cr_00399.1_v2
Cicer_reticulatum	CDS	Cicer_reticulatum.rga.cds.fa	RSY	3	Cr_19970.1_v2
Cicer_reticulatum	CDS	Cicer_reticulatum.rga.cds.fa	RSWY	2	Cr_06077.1_v2
Cicer_reticulatum	CDS	Cicer_reticulatum.rga.cds.fa	RWY	2	Cr_19342.1_v2
Cicer_reticulatum	CDS	Cicer_reticulatum.rga.cds.fa	KRSY	2	Cr_25021.1_v2
Cicer_reticulatum	CDS	Cicer_reticulatum.rga.cds.fa	K	2	Cr_06708.1_v2
Cicer_reticulatum	CDS	Cicer_reticulatum.rga.cds.fa	RS	2	Cr_11937.1_v2
Cicer_reticulatum	CDS	Cicer_reticulatum.rga.cds.fa	MRWY	1	Cr_24642.1_v2
Cicer_reticulatum	CDS	Cicer_reticulatum.rga.cds.fa	MRY	1	Cr_05363.1_v2
Cicer_reticulatum	CDS	Cicer_reticulatum.rga.cds.fa	MRSWY	1	Cr_21925.1_v2
Cicer_reticulatum	CDS	Cicer_reticulatum.rga.cds.fa	S	1	Cr_19339.1_v2
Cicer_reticulatum	CDS	Cicer_reticulatum.rga.cds.fa	KMRWY	1	Cr_07443.1_v2
Cicer_reticulatum	CDS	Cicer_reticulatum.rga.cds.fa	KMRY	1	Cr_00337.1_v2
Cicer_reticulatum	CDS	Cicer_reticulatum.rga.cds.fa	KMRSY	1	Cr_21789.1_v2
Cicer_reticulatum	CDS	Cicer_reticulatum.rga.cds.fa	MRSY	1	Cr_06083.1_v2
Cicer_reticulatum	CDS	Cicer_reticulatum.rga.cds.fa	M	1	Cr_24489.1_v2
Cicer_reticulatum	CDS	Cicer_reticulatum.rga.cds.fa	DMRY	1	Cr_00329.1_v2
Cicer_reticulatum	CDS	Cicer_reticulatum.rga.cds.fa	KMSY	1	Cr_23658.1_v2
Cicer_reticulatum	CDS	Cicer_reticulatum.rga.cds.fa	DHMR	1	Cr_25428.1_v2
Cicer_reticulatum	CDS	Cicer_reticulatum.rga.cds.fa	W	1	Cr_07466.1_v2
Cicer_reticulatum	CDS	Cicer_reticulatum.rga.cds.fa	DWY	1	Cr_12115.1_v2
Cicer_reticulatum	CDS	Cicer_reticulatum.rga.cds.fa	V	1	Cr_18523.1_v2
Cicer_reticulatum	CDS	Cicer_reticulatum.rga.cds.fa	MSW	1	Cr_13375.1_v2
Cicer_reticulatum	CDS	Cicer_reticulatum.rga.cds.fa	KRWY	1	Cr_23569.1_v2
Dichanthelium_oligosanthes	CDS	Dichanthelium_oligosanthes.rga.cds.fa	Y	11	Do004111.1_mrna
Dichanthelium_oligosanthes	CDS	Dichanthelium_oligosanthes.rga.cds.fa	M	9	Do029138.1_mrna
Dichanthelium_oligosanthes	CDS	Dichanthelium_oligosanthes.rga.cds.fa	K	6	Do025864.1_mrna
Dichanthelium_oligosanthes	CDS	Dichanthelium_oligosanthes.rga.cds.fa	R	6	Do001058.1_mrna
Dichanthelium_oligosanthes	CDS	Dichanthelium_oligosanthes.rga.cds.fa	S	4	Do027225.1_mrna
Dichanthelium_oligosanthes	CDS	Dichanthelium_oligosanthes.rga.cds.fa	RY	3	Do018282.1_mrna
Dichanthelium_oligosanthes	CDS	Dichanthelium_oligosanthes.rga.cds.fa	RS	2	Do024004.1_mrna
Dichanthelium_oligosanthes	CDS	Dichanthelium_oligosanthes.rga.cds.fa	KY	2	Do019687.1_mrna
Dichanthelium_oligosanthes	CDS	Dichanthelium_oligosanthes.rga.cds.fa	RSY	2	Do016777.1_mrna
Dichanthelium_oligosanthes	CDS	Dichanthelium_oligosanthes.rga.cds.fa	W	2	Do028235.1_mrna
Dichanthelium_oligosanthes	CDS	Dichanthelium_oligosanthes.rga.cds.fa	MRY	1	Do026561.1_mrna
Dichanthelium_oligosanthes	CDS	Dichanthelium_oligosanthes.rga.cds.fa	RW	1	Do027522.1_mrna
Dichanthelium_oligosanthes	CDS	Dichanthelium_oligosanthes.rga.cds.fa	MY	1	Do016645.1_mrna
Dichanthelium_oligosanthes	CDS	Dichanthelium_oligosanthes.rga.cds.fa	SW	1	Do015559.1_mrna
Dichanthelium_oligosanthes	CDS	Dichanthelium_oligosanthes.rga.cds.fa	MRSY	1	Do028353.1_mrna
Dionaea_muscipula	CDS	Dionaea_muscipula.rga.cds.fa	R	30	Dm_00008636-RA
Dionaea_muscipula	CDS	Dionaea_muscipula.rga.cds.fa	RY	24	Dm_00008642-RA
Dionaea_muscipula	CDS	Dionaea_muscipula.rga.cds.fa	Y	18	Dm_00006270-RA
Dionaea_muscipula	CDS	Dionaea_muscipula.rga.cds.fa	RSY	15	Dm_00003219-RA
Dionaea_muscipula	CDS	Dionaea_muscipula.rga.cds.fa	SY	10	Dm_00002216-RA
Dionaea_muscipula	CDS	Dionaea_muscipula.rga.cds.fa	RS	8	Dm_00017558-RA
Dionaea_muscipula	CDS	Dionaea_muscipula.rga.cds.fa	S	8	Dm_00019949-RA
Dionaea_muscipula	CDS	Dionaea_muscipula.rga.cds.fa	KRSY	7	Dm_00005017-RA
Dionaea_muscipula	CDS	Dionaea_muscipula.rga.cds.fa	M	7	Dm_00019787-RA
Dionaea_muscipula	CDS	Dionaea_muscipula.rga.cds.fa	KRY	6	Dm_00000668-RA
Dionaea_muscipula	CDS	Dionaea_muscipula.rga.cds.fa	MR	5	Dm_00003850-RA
Dionaea_muscipula	CDS	Dionaea_muscipula.rga.cds.fa	MRWY	5	Dm_00006446-RA
Dionaea_muscipula	CDS	Dionaea_muscipula.rga.cds.fa	K	5	Dm_00020702-RA
Dionaea_muscipula	CDS	Dionaea_muscipula.rga.cds.fa	MRSY	4	Dm_00006419-RA
Dionaea_muscipula	CDS	Dionaea_muscipula.rga.cds.fa	KMRY	4	Dm_00007182-RA
Dionaea_muscipula	CDS	Dionaea_muscipula.rga.cds.fa	RSWY	4	Dm_00006417-RA
Dionaea_muscipula	CDS	Dionaea_muscipula.rga.cds.fa	MY	4	Dm_00002016-RA
Dionaea_muscipula	CDS	Dionaea_muscipula.rga.cds.fa	KRS	3	Dm_00019525-RA
Dionaea_muscipula	CDS	Dionaea_muscipula.rga.cds.fa	MRW	3	Dm_00000015-RA
Dionaea_muscipula	CDS	Dionaea_muscipula.rga.cds.fa	SW	3	Dm_00007511-RA
Dionaea_muscipula	CDS	Dionaea_muscipula.rga.cds.fa	RWY	3	Dm_00011994-RA
Dionaea_muscipula	CDS	Dionaea_muscipula.rga.cds.fa	RW	3	Dm_00010337-RA
Dionaea_muscipula	CDS	Dionaea_muscipula.rga.cds.fa	KY	3	Dm_00015418-RA
Dionaea_muscipula	CDS	Dionaea_muscipula.rga.cds.fa	MRY	3	Dm_00013880-RA
Dionaea_muscipula	CDS	Dionaea_muscipula.rga.cds.fa	MSW	2	Dm_00009341-RA
Dionaea_muscipula	CDS	Dionaea_muscipula.rga.cds.fa	KRWY	2	Dm_00020243-RA
Dionaea_muscipula	CDS	Dionaea_muscipula.rga.cds.fa	MSY	2	Dm_00001427-RA
Dionaea_muscipula	CDS	Dionaea_muscipula.rga.cds.fa	MRS	2	Dm_00015285-RA
Dionaea_muscipula	CDS	Dionaea_muscipula.rga.cds.fa	KMRSY	2	Dm_00006317-RA
Dionaea_muscipula	CDS	Dionaea_muscipula.rga.cds.fa	KWY	2	Dm_00012215-RA
Dionaea_muscipula	CDS	Dionaea_muscipula.rga.cds.fa	RSW	2	Dm_00005105-RA
Dionaea_muscipula	CDS	Dionaea_muscipula.rga.cds.fa	KW	2	Dm_00006418-RA
Dionaea_muscipula	CDS	Dionaea_muscipula.rga.cds.fa	KMRWY	2	Dm_00002825-RA
Dionaea_muscipula	CDS	Dionaea_muscipula.rga.cds.fa	KMRSW	2	Dm_00001424-RA
Dionaea_muscipula	CDS	Dionaea_muscipula.rga.cds.fa	MW	2	Dm_00002958-RA
Dionaea_muscipula	CDS	Dionaea_muscipula.rga.cds.fa	MRSW	2	Dm_00001767-RA
Dionaea_muscipula	CDS	Dionaea_muscipula.rga.cds.fa	W	2	Dm_00013652-RA
Dionaea_muscipula	CDS	Dionaea_muscipula.rga.cds.fa	KR	2	Dm_00003344-RA
Dionaea_muscipula	CDS	Dionaea_muscipula.rga.cds.fa	KRW	1	Dm_00006025-RA
Dionaea_muscipula	CDS	Dionaea_muscipula.rga.cds.fa	BKRY	1	Dm_00003218-RA
Dionaea_muscipula	CDS	Dionaea_muscipula.rga.cds.fa	BRY	1	Dm_00013437-RA
Dionaea_muscipula	CDS	Dionaea_muscipula.rga.cds.fa	KMY	1	Dm_00016678-RA
Dionaea_muscipula	CDS	Dionaea_muscipula.rga.cds.fa	MS	1	Dm_00004623-RA
Dionaea_muscipula	CDS	Dionaea_muscipula.rga.cds.fa	KMWY	1	Dm_00009688-RA
Dionaea_muscipula	CDS	Dionaea_muscipula.rga.cds.fa	KRSWY	1	Dm_00014593-RA
Dionaea_muscipula	CDS	Dionaea_muscipula.rga.cds.fa	KMR	1	Dm_00004232-RA
Dionaea_muscipula	CDS	Dionaea_muscipula.rga.cds.fa	KMRS	1	Dm_00015486-RA
Dionaea_muscipula	CDS	Dionaea_muscipula.rga.cds.fa	WY	1	Dm_00002699-RA
Dionaea_muscipula	CDS	Dionaea_muscipula.rga.cds.fa	MWY	1	Dm_00003863-RA
Dionaea_muscipula	CDS	Dionaea_muscipula.rga.cds.fa	KRSW	1	Dm_00007332-RA
Dionaea_muscipula	CDS	Dionaea_muscipula.rga.cds.fa	KMW	1	Dm_00004506-RA
Dionaea_muscipula	CDS	Dionaea_muscipula.rga.cds.fa	MRSWY	1	Dm_00004466-RA
Drosera_spatulata	CDS	Drosera_spatulata.rga.cds.fa	K	1	Ds_00004653-RA
Drosera_spatulata	CDS	Drosera_spatulata.rga.cds.fa	S	1	Ds_00016643-RA
Drosera_spatulata	CDS	Drosera_spatulata.rga.cds.fa	M	1	Ds_00010647-RA
Dunaliella_salina	CDS	Dunaliella_salina.rga.cds.fa	RY	3	Dusal.0356s00002.1
Dunaliella_salina	CDS	Dunaliella_salina.rga.cds.fa	R	1	Dusal.0268s00018.1
Dunaliella_salina	CDS	Dunaliella_salina.rga.cds.fa	WY	1	Dusal.0442s00001.1
Dunaliella_salina	CDS	Dunaliella_salina.rga.cds.fa	K	1	Dusal.0490s00014.1
Dunaliella_salina	CDS	Dunaliella_salina.rga.cds.fa	KRY	1	Dusal.1788s00001.1
Lolium_perenne	CDS	Lolium_perenne.rga.cds.fa	Y	2	V3.Lp_chr3_0G17886.1
Lolium_perenne	CDS	Lolium_perenne.rga.cds.fa	R	2	V3.Lp_chr7_0.1G100.1
Lolium_perenne	CDS	Lolium_perenne.rga.cds.fa	S	2	V3.Lp_chr4_0G354.1
Lolium_perenne	CDS	Lolium_perenne.rga.cds.fa	KRSY	1	V3.Lp_chr1_0G1862.1
Lolium_perenne	CDS	Lolium_perenne.rga.cds.fa	KMRSWY	1	V3.Lp_chr3_0G17344.1
Lolium_perenne	CDS	Lolium_perenne.rga.cds.fa	KMY	1	V3.Lp_chr4_0G1434.1
Lolium_perenne	CDS	Lolium_perenne.rga.cds.fa	KMS	1	V3.Lp_chr4_0G13294.1
Lolium_perenne	CDS	Lolium_perenne.rga.cds.fa	KSY	1	V3.Lp_chr5_0G3490.1
Lolium_perenne	CDS	Lolium_perenne.rga.cds.fa	MW	1	V3.Lp_chr4_0G9570.1
Lolium_perenne	CDS	Lolium_perenne.rga.cds.fa	W	1	V3.Lp_chr1_0G14974.1
Lolium_perenne	CDS	Lolium_perenne.rga.cds.fa	MRY	1	V3.Lp_scaffold_1008G18.1
Lolium_perenne	CDS	Lolium_perenne.rga.cds.fa	KY	1	V3.Lp_chr6_0G3028.1
Lolium_perenne	CDS	Lolium_perenne.rga.cds.fa	K	1	V3.Lp_chr6_0G2094.1
Lolium_perenne	CDS	Lolium_perenne.rga.cds.fa	RW	1	V3.Lp_chr2_0G4852.1
Lolium_perenne	CDS	Lolium_perenne.rga.cds.fa	MRSWY	1	V3.Lp_chr4_0G5184.1
Nepeta_cataria	CDS	Nepeta_cataria.rga.cds.fa	R	340	g35745.t1
Nepeta_cataria	CDS	Nepeta_cataria.rga.cds.fa	Y	265	g31680.t1.3.5b2d4a2d
Nepeta_cataria	CDS	Nepeta_cataria.rga.cds.fa	RY	244	g16647.t1
Nepeta_cataria	CDS	Nepeta_cataria.rga.cds.fa	S	85	g9198.t1
Nepeta_cataria	CDS	Nepeta_cataria.rga.cds.fa	W	82	g45513.t1
Nepeta_cataria	CDS	Nepeta_cataria.rga.cds.fa	RWY	81	g9215.t1
Nepeta_cataria	CDS	Nepeta_cataria.rga.cds.fa	K	77	g19166.t1
Nepeta_cataria	CDS	Nepeta_cataria.rga.cds.fa	KMRSWY	75	g21194.t1
Nepeta_cataria	CDS	Nepeta_cataria.rga.cds.fa	MRY	73	g22102.t1
Nepeta_cataria	CDS	Nepeta_cataria.rga.cds.fa	KRY	67	g23912.t1
Nepeta_cataria	CDS	Nepeta_cataria.rga.cds.fa	M	65	g20879.t1.1.5b2d4a26
Nepeta_cataria	CDS	Nepeta_cataria.rga.cds.fa	KMRY	55	g31587.t1
Nepeta_cataria	CDS	Nepeta_cataria.rga.cds.fa	KMRWY	53	g32446.t1
Nepeta_cataria	CDS	Nepeta_cataria.rga.cds.fa	KY	51	g14942.t1
Nepeta_cataria	CDS	Nepeta_cataria.rga.cds.fa	WY	48	g20793.t1
Nepeta_cataria	CDS	Nepeta_cataria.rga.cds.fa	KMRSY	46	g8612.t1.1.5b2d4a2e.9.5b2d6aef
Nepeta_cataria	CDS	Nepeta_cataria.rga.cds.fa	KR	44	g25267.t1
Nepeta_cataria	CDS	Nepeta_cataria.rga.cds.fa	RSY	43	g31247.t1
Nepeta_cataria	CDS	Nepeta_cataria.rga.cds.fa	MRWY	42	g41428.t1
Nepeta_cataria	CDS	Nepeta_cataria.rga.cds.fa	KRSWY	41	g26615.t1.1.5b2d4a2a
Nepeta_cataria	CDS	Nepeta_cataria.rga.cds.fa	MY	39	g52349.t1
Nepeta_cataria	CDS	Nepeta_cataria.rga.cds.fa	KRSY	37	g26714.t1
Nepeta_cataria	CDS	Nepeta_cataria.rga.cds.fa	MR	36	g1452.t1.2.5b2d4a2e
Nepeta_cataria	CDS	Nepeta_cataria.rga.cds.fa	RW	33	novel_model_290_5b2d4e4c
Nepeta_cataria	CDS	Nepeta_cataria.rga.cds.fa	MRSY	32	g8178.t1.1.5b2d4a2d
Nepeta_cataria	CDS	Nepeta_cataria.rga.cds.fa	KRWY	31	g35191.t1
Nepeta_cataria	CDS	Nepeta_cataria.rga.cds.fa	SY	30	g37831.t1
Nepeta_cataria	CDS	Nepeta_cataria.rga.cds.fa	KMR	26	g27399.t1
Nepeta_cataria	CDS	Nepeta_cataria.rga.cds.fa	MRSWY	24	g2904.t1
Nepeta_cataria	CDS	Nepeta_cataria.rga.cds.fa	RS	22	g37251.t1
Nepeta_cataria	CDS	Nepeta_cataria.rga.cds.fa	RSWY	20	g14460.t1
Nepeta_cataria	CDS	Nepeta_cataria.rga.cds.fa	MW	17	g48226.t1
Nepeta_cataria	CDS	Nepeta_cataria.rga.cds.fa	KRS	17	g38550.t1
Nepeta_cataria	CDS	Nepeta_cataria.rga.cds.fa	KM	13	g15129.t1
Nepeta_cataria	CDS	Nepeta_cataria.rga.cds.fa	MRW	13	g33453.t1.1.5b2d4a2e
Nepeta_cataria	CDS	Nepeta_cataria.rga.cds.fa	KRSW	12	g9563.t1.1.5b2d4a2f
Nepeta_cataria	CDS	Nepeta_cataria.rga.cds.fa	KMRW	12	g48013.t1.3.5b2d4a25
Nepeta_cataria	CDS	Nepeta_cataria.rga.cds.fa	KRW	12	g26131.t1
Nepeta_cataria	CDS	Nepeta_cataria.rga.cds.fa	KW	11	g33980.t1
Nepeta_cataria	CDS	Nepeta_cataria.rga.cds.fa	RSW	10	g43549.t1
Nepeta_cataria	CDS	Nepeta_cataria.rga.cds.fa	KSY	10	g2946.t1
Nepeta_cataria	CDS	Nepeta_cataria.rga.cds.fa	MRS	10	g26474.t1.1.5b2d4a2a
Nepeta_cataria	CDS	Nepeta_cataria.rga.cds.fa	MS	10	g28328.t1
Nepeta_cataria	CDS	Nepeta_cataria.rga.cds.fa	KMY	10	g35242.t1
Nepeta_cataria	CDS	Nepeta_cataria.rga.cds.fa	MSY	10	g46575.t1
Nepeta_cataria	CDS	Nepeta_cataria.rga.cds.fa	SWY	9	g32586.t1
Nepeta_cataria	CDS	Nepeta_cataria.rga.cds.fa	KWY	8	g7527.t1
Nepeta_cataria	CDS	Nepeta_cataria.rga.cds.fa	KS	8	g27081.t1
Nepeta_cataria	CDS	Nepeta_cataria.rga.cds.fa	SW	7	g9520.t1
Nepeta_cataria	CDS	Nepeta_cataria.rga.cds.fa	KMSY	7	g44621.t1
Nepeta_cataria	CDS	Nepeta_cataria.rga.cds.fa	MWY	7	g15286.t1
Nepeta_cataria	CDS	Nepeta_cataria.rga.cds.fa	MSWY	6	g30759.t1
Nepeta_cataria	CDS	Nepeta_cataria.rga.cds.fa	KSWY	6	g28431.t1
Nepeta_cataria	CDS	Nepeta_cataria.rga.cds.fa	KMSWY	4	g4751.t1
Nepeta_cataria	CDS	Nepeta_cataria.rga.cds.fa	KMRS	4	g41926.t1
Nepeta_cataria	CDS	Nepeta_cataria.rga.cds.fa	KMWY	4	g44077.t1
Nepeta_cataria	CDS	Nepeta_cataria.rga.cds.fa	KMRSW	3	g3739.t1
Nepeta_cataria	CDS	Nepeta_cataria.rga.cds.fa	MRSW	3	g11982.t1
Nepeta_cataria	CDS	Nepeta_cataria.rga.cds.fa	KSW	3	g11690.t1
Nepeta_cataria	CDS	Nepeta_cataria.rga.cds.fa	DKMRY	2	g6179.t1
Nepeta_cataria	CDS	Nepeta_cataria.rga.cds.fa	DK	2	g9685.t1
Nepeta_cataria	CDS	Nepeta_cataria.rga.cds.fa	HRY	2	g48770.t1
Nepeta_cataria	CDS	Nepeta_cataria.rga.cds.fa	KMS	2	g7524.t1
Nepeta_cataria	CDS	Nepeta_cataria.rga.cds.fa	DMSWY	2	g1711.t1
Nepeta_cataria	CDS	Nepeta_cataria.rga.cds.fa	HKMRWY	2	g42894.t1.2.5b2d4a34
Nepeta_cataria	CDS	Nepeta_cataria.rga.cds.fa	KMW	2	g25478.t1
Nepeta_cataria	CDS	Nepeta_cataria.rga.cds.fa	DMR	1	g46189.t1
Nepeta_cataria	CDS	Nepeta_cataria.rga.cds.fa	MSW	1	g15031.t1
Nepeta_cataria	CDS	Nepeta_cataria.rga.cds.fa	HKY	1	g49084.t1
Nepeta_cataria	CDS	Nepeta_cataria.rga.cds.fa	D	1	g41475.t1
Nepeta_cataria	CDS	Nepeta_cataria.rga.cds.fa	HKMRSWY	1	g33375.t1
Nepeta_cataria	CDS	Nepeta_cataria.rga.cds.fa	BRWY	1	g5637.t1
Nepeta_cataria	CDS	Nepeta_cataria.rga.cds.fa	RVY	1	g29290.t1
Nepeta_mussinii	CDS	Nepeta_mussinii.rga.cds.fa	KMRSWY	178	g13245.t1
Nepeta_mussinii	CDS	Nepeta_mussinii.rga.cds.fa	R	129	g17653.t1
Nepeta_mussinii	CDS	Nepeta_mussinii.rga.cds.fa	Y	118	g6179.t1
Nepeta_mussinii	CDS	Nepeta_mussinii.rga.cds.fa	RY	111	novel_model_402_5b2c74cd
Nepeta_mussinii	CDS	Nepeta_mussinii.rga.cds.fa	KMRWY	60	g27826.t1.2.5b2c7c80
Nepeta_mussinii	CDS	Nepeta_mussinii.rga.cds.fa	MRY	58	g13036.t1.1.5b2c9584
Nepeta_mussinii	CDS	Nepeta_mussinii.rga.cds.fa	KRSWY	52	g18708.t1
Nepeta_mussinii	CDS	Nepeta_mussinii.rga.cds.fa	RWY	52	g17431.t1.1.5b2c7c78
Nepeta_mussinii	CDS	Nepeta_mussinii.rga.cds.fa	KMRSY	51	g13235.t1.1.5b2c7c7f
Nepeta_mussinii	CDS	Nepeta_mussinii.rga.cds.fa	KRY	51	g2990.t1
Nepeta_mussinii	CDS	Nepeta_mussinii.rga.cds.fa	RSY	51	g27192.t1
Nepeta_mussinii	CDS	Nepeta_mussinii.rga.cds.fa	MRWY	48	g20108.t1
Nepeta_mussinii	CDS	Nepeta_mussinii.rga.cds.fa	KMRY	44	g1284.t1.1.5b2c7c79
Nepeta_mussinii	CDS	Nepeta_mussinii.rga.cds.fa	MRSWY	43	g10209.t1
Nepeta_mussinii	CDS	Nepeta_mussinii.rga.cds.fa	RSWY	43	g17273.t1
Nepeta_mussinii	CDS	Nepeta_mussinii.rga.cds.fa	KRSY	32	g21668.t1
Nepeta_mussinii	CDS	Nepeta_mussinii.rga.cds.fa	MRSY	32	g28492.t1
Nepeta_mussinii	CDS	Nepeta_mussinii.rga.cds.fa	W	31	g16028.t1.3.5b2c7c81
Nepeta_mussinii	CDS	Nepeta_mussinii.rga.cds.fa	MWY	30	g5932.t1
Nepeta_mussinii	CDS	Nepeta_mussinii.rga.cds.fa	KRWY	29	g6551.t1
Nepeta_mussinii	CDS	Nepeta_mussinii.rga.cds.fa	WY	28	g16647.t1
Nepeta_mussinii	CDS	Nepeta_mussinii.rga.cds.fa	K	28	g7517.t1
Nepeta_mussinii	CDS	Nepeta_mussinii.rga.cds.fa	M	27	g18022.t1
Nepeta_mussinii	CDS	Nepeta_mussinii.rga.cds.fa	RW	25	g21835.t1
Nepeta_mussinii	CDS	Nepeta_mussinii.rga.cds.fa	MR	24	g11842.t1
Nepeta_mussinii	CDS	Nepeta_mussinii.rga.cds.fa	S	22	g13082.t1.1.5b2c7c7f
Nepeta_mussinii	CDS	Nepeta_mussinii.rga.cds.fa	MY	22	g25270.t1
Nepeta_mussinii	CDS	Nepeta_mussinii.rga.cds.fa	SY	21	g11797.t1
Nepeta_mussinii	CDS	Nepeta_mussinii.rga.cds.fa	RS	16	g17652.t1
Nepeta_mussinii	CDS	Nepeta_mussinii.rga.cds.fa	KY	12	g4429.t1
Nepeta_mussinii	CDS	Nepeta_mussinii.rga.cds.fa	KMSY	12	g20858.t1
Nepeta_mussinii	CDS	Nepeta_mussinii.rga.cds.fa	KR	12	g7480.t1
Nepeta_mussinii	CDS	Nepeta_mussinii.rga.cds.fa	RSW	12	g2729.t1
Nepeta_mussinii	CDS	Nepeta_mussinii.rga.cds.fa	SWY	11	g7278.t1
Nepeta_mussinii	CDS	Nepeta_mussinii.rga.cds.fa	KMY	11	g18717.t1.1.5b2c7c79
Nepeta_mussinii	CDS	Nepeta_mussinii.rga.cds.fa	KMR	11	g12236.t1.1.5b2c7c7f
Nepeta_mussinii	CDS	Nepeta_mussinii.rga.cds.fa	MRS	11	g25268.t1
Nepeta_mussinii	CDS	Nepeta_mussinii.rga.cds.fa	SW	10	g12210.t1
Nepeta_mussinii	CDS	Nepeta_mussinii.rga.cds.fa	KWY	10	g14430.t1
Nepeta_mussinii	CDS	Nepeta_mussinii.rga.cds.fa	KSY	9	g25029.t1.1.5b2c7c7d
Nepeta_mussinii	CDS	Nepeta_mussinii.rga.cds.fa	MSWY	8	g27418.t1.2.5b2c7c7f
Nepeta_mussinii	CDS	Nepeta_mussinii.rga.cds.fa	KMWY	7	g2198.t1
Nepeta_mussinii	CDS	Nepeta_mussinii.rga.cds.fa	MRSW	7	g10206.t1
Nepeta_mussinii	CDS	Nepeta_mussinii.rga.cds.fa	MRW	7	g7467.t1.2.5b2c7c7b
Nepeta_mussinii	CDS	Nepeta_mussinii.rga.cds.fa	KRS	6	novel_model_151_5b2c74cd
Nepeta_mussinii	CDS	Nepeta_mussinii.rga.cds.fa	KMRSW	6	g18757.t1
Nepeta_mussinii	CDS	Nepeta_mussinii.rga.cds.fa	KRW	6	g5859.t1
Nepeta_mussinii	CDS	Nepeta_mussinii.rga.cds.fa	KRSW	6	g2056.t1
Nepeta_mussinii	CDS	Nepeta_mussinii.rga.cds.fa	MSY	5	g17955.t1
Nepeta_mussinii	CDS	Nepeta_mussinii.rga.cds.fa	KMSWY	5	g17358.t1.5.5b2c7c78
Nepeta_mussinii	CDS	Nepeta_mussinii.rga.cds.fa	MW	5	g7006.t1
Nepeta_mussinii	CDS	Nepeta_mussinii.rga.cds.fa	KM	4	g21210.t1.1.5b2c7c7a
Nepeta_mussinii	CDS	Nepeta_mussinii.rga.cds.fa	MS	3	g27820.t1
Nepeta_mussinii	CDS	Nepeta_mussinii.rga.cds.fa	KMRW	3	g20228.t1
Nepeta_mussinii	CDS	Nepeta_mussinii.rga.cds.fa	KMRS	3	g2667.t1.3.5b2c7c7e
Nepeta_mussinii	CDS	Nepeta_mussinii.rga.cds.fa	DR	3	g14579.t1
Nepeta_mussinii	CDS	Nepeta_mussinii.rga.cds.fa	KSWY	2	g19674.t1
Nepeta_mussinii	CDS	Nepeta_mussinii.rga.cds.fa	DMRWY	2	g16712.t1
Nepeta_mussinii	CDS	Nepeta_mussinii.rga.cds.fa	KW	2	g1638.t1
Nepeta_mussinii	CDS	Nepeta_mussinii.rga.cds.fa	BRWY	1	g19419.t1
Nepeta_mussinii	CDS	Nepeta_mussinii.rga.cds.fa	DKMRSWY	1	g25366.t1
Nepeta_mussinii	CDS	Nepeta_mussinii.rga.cds.fa	KMRSVWY	1	g24177.t1
Nepeta_mussinii	CDS	Nepeta_mussinii.rga.cds.fa	KMRSVY	1	g18793.t1
Nepeta_mussinii	CDS	Nepeta_mussinii.rga.cds.fa	BMR	1	g26741.t1
Nepeta_mussinii	CDS	Nepeta_mussinii.rga.cds.fa	HR	1	g16154.t1
Nepeta_mussinii	CDS	Nepeta_mussinii.rga.cds.fa	HKMRSY	1	g18683.t1
Nepeta_mussinii	CDS	Nepeta_mussinii.rga.cds.fa	DKR	1	g14579.t1.2.5b2c7c80
Nepeta_mussinii	CDS	Nepeta_mussinii.rga.cds.fa	HRWY	1	g26262.t1
Nepeta_mussinii	CDS	Nepeta_mussinii.rga.cds.fa	MSW	1	g18663.t1
Nepeta_mussinii	CDS	Nepeta_mussinii.rga.cds.fa	BDKMRSWY	1	g21528.t1
Nepeta_mussinii	CDS	Nepeta_mussinii.rga.cds.fa	KRSVY	1	g18143.t1
Nepeta_mussinii	CDS	Nepeta_mussinii.rga.cds.fa	BDKMSWY	1	g12920.t1
Nepeta_mussinii	CDS	Nepeta_mussinii.rga.cds.fa	KRVW	1	g11161.t1
Nepeta_mussinii	CDS	Nepeta_mussinii.rga.cds.fa	KMRVY	1	g26873.t1
Nepeta_mussinii	CDS	Nepeta_mussinii.rga.cds.fa	DMRSY	1	g7350.t1
Nepeta_mussinii	CDS	Nepeta_mussinii.rga.cds.fa	HMRSY	1	g7094.t1
Nepeta_mussinii	CDS	Nepeta_mussinii.rga.cds.fa	MRSVY	1	novel_model_252_5b2c74cd
Polygonum_cuspidatum	CDS	Polygonum_cuspidatum.rga.cds.fa	R	5	Pjv1_00003582
Polygonum_cuspidatum	CDS	Polygonum_cuspidatum.rga.cds.fa	Y	4	Pjv1_00024099
Polygonum_cuspidatum	CDS	Polygonum_cuspidatum.rga.cds.fa	MRY	4	Pjv1_00028046
Polygonum_cuspidatum	CDS	Polygonum_cuspidatum.rga.cds.fa	W	3	Pjv1_00003596
Polygonum_cuspidatum	CDS	Polygonum_cuspidatum.rga.cds.fa	RY	3	Pjv1_00006342
Polygonum_cuspidatum	CDS	Polygonum_cuspidatum.rga.cds.fa	WY	2	Pjv1_00000913
Polygonum_cuspidatum	CDS	Polygonum_cuspidatum.rga.cds.fa	KRSWY	2	Pjv1_00018598
Polygonum_cuspidatum	CDS	Polygonum_cuspidatum.rga.cds.fa	S	2	Pjv1_00002101
Polygonum_cuspidatum	CDS	Polygonum_cuspidatum.rga.cds.fa	MRWY	2	Pjv1_00027958
Polygonum_cuspidatum	CDS	Polygonum_cuspidatum.rga.cds.fa	KSY	2	Pjv1_00019486
Polygonum_cuspidatum	CDS	Polygonum_cuspidatum.rga.cds.fa	MY	2	Pjv1_00027295
Polygonum_cuspidatum	CDS	Polygonum_cuspidatum.rga.cds.fa	KRSW	1	Pjv1_00007437
Polygonum_cuspidatum	CDS	Polygonum_cuspidatum.rga.cds.fa	MW	1	Pjv1_00008951
Polygonum_cuspidatum	CDS	Polygonum_cuspidatum.rga.cds.fa	KMRSW	1	Pjv1_00018520
Polygonum_cuspidatum	CDS	Polygonum_cuspidatum.rga.cds.fa	KMW	1	Pjv1_00026963
Polygonum_cuspidatum	CDS	Polygonum_cuspidatum.rga.cds.fa	MR	1	Pjv1_00028027
Polygonum_cuspidatum	CDS	Polygonum_cuspidatum.rga.cds.fa	KMRSWY	1	Pjv1_00010192
Polygonum_cuspidatum	CDS	Polygonum_cuspidatum.rga.cds.fa	MRSWY	1	Pjv1_00010191
Polygonum_cuspidatum	CDS	Polygonum_cuspidatum.rga.cds.fa	KMRW	1	Pjv1_00028642
Polygonum_cuspidatum	CDS	Polygonum_cuspidatum.rga.cds.fa	KMWY	1	Pjv1_00005390
Porphyra_umbilicalis	CDS	Porphyra_umbilicalis.rga.cds.fa	S	1	Pum2487s0001.1
Primula_veris	CDS	Primula_veris.rga.cds.fa	R	112	BG8803470-T1
Primula_veris	CDS	Primula_veris.rga.cds.fa	RY	101	BG8814781-T1
Primula_veris	CDS	Primula_veris.rga.cds.fa	Y	86	BG8810291-T1
Primula_veris	CDS	Primula_veris.rga.cds.fa	KRY	26	BG8803619-T1
Primula_veris	CDS	Primula_veris.rga.cds.fa	RWY	25	BG8807811-T1
Primula_veris	CDS	Primula_veris.rga.cds.fa	M	20	BG8808694-T1
Primula_veris	CDS	Primula_veris.rga.cds.fa	MRY	19	BG8813733-T1
Primula_veris	CDS	Primula_veris.rga.cds.fa	MR	16	BG8815851-T1
Primula_veris	CDS	Primula_veris.rga.cds.fa	RSY	15	BG8807572-T1
Primula_veris	CDS	Primula_veris.rga.cds.fa	KR	14	BG8811213-T1
Primula_veris	CDS	Primula_veris.rga.cds.fa	KY	13	BG8805907-T1
Primula_veris	CDS	Primula_veris.rga.cds.fa	K	13	BG8806856-T1
Primula_veris	CDS	Primula_veris.rga.cds.fa	W	13	BG8809807-T1
Primula_veris	CDS	Primula_veris.rga.cds.fa	MY	12	BG8817853-T1
Primula_veris	CDS	Primula_veris.rga.cds.fa	RW	11	BG8803744-T1
Primula_veris	CDS	Primula_veris.rga.cds.fa	S	10	BG8801962-T1
Primula_veris	CDS	Primula_veris.rga.cds.fa	WY	9	BG8805972-T1
Primula_veris	CDS	Primula_veris.rga.cds.fa	KMRSWY	8	BG8807334-T1
Primula_veris	CDS	Primula_veris.rga.cds.fa	KMRY	7	BG8805900-T1
Primula_veris	CDS	Primula_veris.rga.cds.fa	KRSY	7	BG8801998-T1
Primula_veris	CDS	Primula_veris.rga.cds.fa	RSWY	6	BG8801108-T1
Primula_veris	CDS	Primula_veris.rga.cds.fa	SY	6	BG8802011-T1
Primula_veris	CDS	Primula_veris.rga.cds.fa	RS	6	BG8809527-T1
Primula_veris	CDS	Primula_veris.rga.cds.fa	MRSWY	5	BG8814028-T1
Primula_veris	CDS	Primula_veris.rga.cds.fa	KMRSY	5	BG8804985-T1
Primula_veris	CDS	Primula_veris.rga.cds.fa	MRWY	5	BG8803166-T1
Primula_veris	CDS	Primula_veris.rga.cds.fa	KMY	4	BG8807181-T1
Primula_veris	CDS	Primula_veris.rga.cds.fa	KMRWY	4	BG8811085-T1
Primula_veris	CDS	Primula_veris.rga.cds.fa	KRW	4	BG8805590-T1
Primula_veris	CDS	Primula_veris.rga.cds.fa	KW	3	BG8808865-T1
Primula_veris	CDS	Primula_veris.rga.cds.fa	MWY	3	BG8816527-T1
Primula_veris	CDS	Primula_veris.rga.cds.fa	MRW	3	BG8814733-T1
Primula_veris	CDS	Primula_veris.rga.cds.fa	KRWY	3	BG8813769-T1
Primula_veris	CDS	Primula_veris.rga.cds.fa	MSY	3	BG8801750-T1
Primula_veris	CDS	Primula_veris.rga.cds.fa	KRSWY	2	BG8801899-T1
Primula_veris	CDS	Primula_veris.rga.cds.fa	MRSY	2	BG8807335-T1
Primula_veris	CDS	Primula_veris.rga.cds.fa	SW	2	BG8816660-T1
Primula_veris	CDS	Primula_veris.rga.cds.fa	VWY	1	BG8806857-T1
Primula_veris	CDS	Primula_veris.rga.cds.fa	BKY	1	BG8816028-T1
Primula_veris	CDS	Primula_veris.rga.cds.fa	MRSV	1	BG8810683-T1
Primula_veris	CDS	Primula_veris.rga.cds.fa	KS	1	BG8806391-T1
Primula_veris	CDS	Primula_veris.rga.cds.fa	MRS	1	BG8800321-T1
Primula_veris	CDS	Primula_veris.rga.cds.fa	KM	1	BG8816584-T1
Primula_veris	CDS	Primula_veris.rga.cds.fa	KMSY	1	BG8815241-T1
Primula_veris	CDS	Primula_veris.rga.cds.fa	BMRSY	1	BG8812543-T1
Primula_veris	CDS	Primula_veris.rga.cds.fa	MRVW	1	BG8804100-T1
Primula_veris	CDS	Primula_veris.rga.cds.fa	KMR	1	BG8806074-T1
Primula_veris	CDS	Primula_veris.rga.cds.fa	RSW	1	BG8811420-T1
Prunus_salicina	CDS	Prunus_salicina.rga.cds.fa	DEFHIKLMPQRSVWY	1075	evm.model.Chr4.652
Prunus_salicina	CDS	Prunus_salicina.rga.cds.fa	DEFHIKLMPQRSVY	22	evm.model.Chr1.3369
Prunus_salicina	CDS	Prunus_salicina.rga.cds.fa	DEFHIKLMPQRSVW	6	evm.model.Chr1.4409
Prunus_salicina	CDS	Prunus_salicina.rga.cds.fa	DEFIKLMPQRSVWY	5	evm.model.Chr1.404
Prunus_salicina	CDS	Prunus_salicina.rga.cds.fa	EFIKLMPQRSVY	1	evm.model.Chr5.124
Prunus_salicina	CDS	Prunus_salicina.rga.cds.fa	DEFHIKLMPRSVY	1	evm.model.Chr4.2873
Prunus_salicina	CDS	Prunus_salicina.rga.cds.fa	DEIKLMPQSVY	1	evm.model.Chr6.1579
Prunus_salicina	CDS	Prunus_salicina.rga.cds.fa	DEFHIKLMPQRSV	1	evm.model.Chr6.1578
Prunus_salicina	CDS	Prunus_salicina.rga.cds.fa	DEHIKLMPQRSVWY	1	evm.model.Chr2.1789
Prunus_salicina	CDS	Prunus_salicina.rga.cds.fa	DEIKLMPQRSVWY	1	evm.model.Chr4.594
Prunus_salicina	CDS	Prunus_salicina.rga.cds.fa	DEFHIKLMQRSVY	1	evm.model.Chr4.1523
Pyrus_betulifolia	CDS	Pyrus_betulifolia.rga.cds.fa	DEFHIKLMPQRSVWY	2910	GWHTAAYT037899
Pyrus_betulifolia	CDS	Pyrus_betulifolia.rga.cds.fa	DEFHIKLMPQRSVY	32	GWHTAAYT012366
Pyrus_betulifolia	CDS	Pyrus_betulifolia.rga.cds.fa	DEFHIKLMPQRSVW	4	GWHTAAYT007288
Pyrus_betulifolia	CDS	Pyrus_betulifolia.rga.cds.fa	DEFIKLMPQRSVWY	3	GWHTAAYT014900
Pyrus_betulifolia	CDS	Pyrus_betulifolia.rga.cds.fa	DEFHIKLMPQRSV	2	GWHTAAYT024314
Pyrus_betulifolia	CDS	Pyrus_betulifolia.rga.cds.fa	DEFHIKLMQRSVWY	2	GWHTAAYT042817
Pyrus_betulifolia	CDS	Pyrus_betulifolia.rga.cds.fa	DEFIKLMPQRSVY	1	GWHTAAYT056340
Pyrus_betulifolia	CDS	Pyrus_betulifolia.rga.cds.fa	DFHIKLMPQRSVY	1	GWHTAAYT045160
Pyrus_betulifolia	CDS	Pyrus_betulifolia.rga.cds.fa	DEHIKLMPQRSVWY	1	GWHTAAYT050997
Pyrus_betulifolia	CDS	Pyrus_betulifolia.rga.cds.fa	DEFILMPQSVY	1	GWHTAAYT043971
Pyrus_betulifolia	CDS	Pyrus_betulifolia.rga.cds.fa	DEFHKLMPQRSVWY	1	GWHTAAYT052126
Rhododendron_williamsianum	CDS	Rhododendron_williamsianum.rga.cds.fa	R	72	KAE9447042.1
Rhododendron_williamsianum	CDS	Rhododendron_williamsianum.rga.cds.fa	Y	71	KAE9454567.1
Rhododendron_williamsianum	CDS	Rhododendron_williamsianum.rga.cds.fa	RY	48	KAE9463730.1
Rhododendron_williamsianum	CDS	Rhododendron_williamsianum.rga.cds.fa	KRY	19	KAE9467545.1
Rhododendron_williamsianum	CDS	Rhododendron_williamsianum.rga.cds.fa	S	17	KAE9457415.1
Rhododendron_williamsianum	CDS	Rhododendron_williamsianum.rga.cds.fa	RWY	17	KAE9465064.1
Rhododendron_williamsianum	CDS	Rhododendron_williamsianum.rga.cds.fa	M	16	KAE9468013.1
Rhododendron_williamsianum	CDS	Rhododendron_williamsianum.rga.cds.fa	RW	16	KAE9462651.1
Rhododendron_williamsianum	CDS	Rhododendron_williamsianum.rga.cds.fa	MRWY	14	KAE9466461.1
Rhododendron_williamsianum	CDS	Rhododendron_williamsianum.rga.cds.fa	W	14	KAE9446763.1
Rhododendron_williamsianum	CDS	Rhododendron_williamsianum.rga.cds.fa	MRY	13	KAE9453903.1
Rhododendron_williamsianum	CDS	Rhododendron_williamsianum.rga.cds.fa	KR	13	KAE9458390.1
Rhododendron_williamsianum	CDS	Rhododendron_williamsianum.rga.cds.fa	MY	13	KAE9451213.1
Rhododendron_williamsianum	CDS	Rhododendron_williamsianum.rga.cds.fa	RSY	13	KAE9466759.1
Rhododendron_williamsianum	CDS	Rhododendron_williamsianum.rga.cds.fa	SY	13	KAE9453685.1
Rhododendron_williamsianum	CDS	Rhododendron_williamsianum.rga.cds.fa	MR	11	KAE9454012.1
Rhododendron_williamsianum	CDS	Rhododendron_williamsianum.rga.cds.fa	KMRSWY	11	KAE9461467.1
Rhododendron_williamsianum	CDS	Rhododendron_williamsianum.rga.cds.fa	KRWY	8	KAE9464298.1
Rhododendron_williamsianum	CDS	Rhododendron_williamsianum.rga.cds.fa	KRSY	8	KAE9453729.1
Rhododendron_williamsianum	CDS	Rhododendron_williamsianum.rga.cds.fa	RS	8	KAE9447238.1
Rhododendron_williamsianum	CDS	Rhododendron_williamsianum.rga.cds.fa	KMRY	8	KAE9460760.1
Rhododendron_williamsianum	CDS	Rhododendron_williamsianum.rga.cds.fa	KRSWY	7	KAE9448925.1
Rhododendron_williamsianum	CDS	Rhododendron_williamsianum.rga.cds.fa	K	7	KAE9445531.1
Rhododendron_williamsianum	CDS	Rhododendron_williamsianum.rga.cds.fa	KY	6	KAE9460986.1
Rhododendron_williamsianum	CDS	Rhododendron_williamsianum.rga.cds.fa	WY	6	KAE9449543.1
Rhododendron_williamsianum	CDS	Rhododendron_williamsianum.rga.cds.fa	RSWY	6	KAE9460178.1
Rhododendron_williamsianum	CDS	Rhododendron_williamsianum.rga.cds.fa	KMRWY	5	KAE9459790.1
Rhododendron_williamsianum	CDS	Rhododendron_williamsianum.rga.cds.fa	MRSY	5	KAE9450643.1
Rhododendron_williamsianum	CDS	Rhododendron_williamsianum.rga.cds.fa	MRSWY	4	KAE9449102.1
Rhododendron_williamsianum	CDS	Rhododendron_williamsianum.rga.cds.fa	MWY	4	KAE9449254.1
Rhododendron_williamsianum	CDS	Rhododendron_williamsianum.rga.cds.fa	KRW	3	KAE9445813.1
Rhododendron_williamsianum	CDS	Rhododendron_williamsianum.rga.cds.fa	KMRSY	3	KAE9458170.1
Rhododendron_williamsianum	CDS	Rhododendron_williamsianum.rga.cds.fa	KWY	3	KAE9456283.1
Rhododendron_williamsianum	CDS	Rhododendron_williamsianum.rga.cds.fa	HY	3	KAE9450367.1
Rhododendron_williamsianum	CDS	Rhododendron_williamsianum.rga.cds.fa	SWY	3	KAE9464409.1
Rhododendron_williamsianum	CDS	Rhododendron_williamsianum.rga.cds.fa	SW	3	KAE9453931.1
Rhododendron_williamsianum	CDS	Rhododendron_williamsianum.rga.cds.fa	KMR	2	KAE9444946.1
Rhododendron_williamsianum	CDS	Rhododendron_williamsianum.rga.cds.fa	KMSW	2	KAE9449401.1
Rhododendron_williamsianum	CDS	Rhododendron_williamsianum.rga.cds.fa	KM	2	KAE9464697.1
Rhododendron_williamsianum	CDS	Rhododendron_williamsianum.rga.cds.fa	MW	1	KAE9457795.1
Rhododendron_williamsianum	CDS	Rhododendron_williamsianum.rga.cds.fa	KSY	1	KAE9456245.1
Rhododendron_williamsianum	CDS	Rhododendron_williamsianum.rga.cds.fa	KS	1	KAE9465114.1
Rhododendron_williamsianum	CDS	Rhododendron_williamsianum.rga.cds.fa	RSW	1	KAE9449195.1
Rhododendron_williamsianum	CDS	Rhododendron_williamsianum.rga.cds.fa	MSWY	1	KAE9452638.1
Rhododendron_williamsianum	CDS	Rhododendron_williamsianum.rga.cds.fa	BRSVY	1	KAE9450565.1
Rhododendron_williamsianum	CDS	Rhododendron_williamsianum.rga.cds.fa	DH	1	KAE9452952.1
Rhododendron_williamsianum	CDS	Rhododendron_williamsianum.rga.cds.fa	BRWY	1	KAE9446142.1
Rhododendron_williamsianum	CDS	Rhododendron_williamsianum.rga.cds.fa	KMY	1	KAE9454499.1
Rhododendron_williamsianum	CDS	Rhododendron_williamsianum.rga.cds.fa	HRY	1	KAE9444678.1
Rhododendron_williamsianum	CDS	Rhododendron_williamsianum.rga.cds.fa	MRW	1	KAE9463828.1
Rhododendron_williamsianum	CDS	Rhododendron_williamsianum.rga.cds.fa	MRS	1	KAE9454324.1
Rhododendron_williamsianum	CDS	Rhododendron_williamsianum.rga.cds.fa	KSWY	1	KAE9460114.1
Rhododendron_williamsianum	CDS	Rhododendron_williamsianum.rga.cds.fa	HS	1	KAE9449779.1
Rhododendron_williamsianum	CDS	Rhododendron_williamsianum.rga.cds.fa	KRS	1	KAE9462758.1
Rhododendron_williamsianum	CDS	Rhododendron_williamsianum.rga.cds.fa	KMRS	1	KAE9467910.1
Rhododendron_williamsianum	CDS	Rhododendron_williamsianum.rga.cds.fa	MSY	1	KAE9462627.1
Rhododendron_williamsianum	CDS	Rhododendron_williamsianum.rga.cds.fa	DKY	1	KAE9448652.1
Rhododendron_williamsianum	CDS	Rhododendron_williamsianum.rga.cds.fa	KMS	1	KAE9445388.1
Rhododendron_williamsianum	CDS	Rhododendron_williamsianum.rga.cds.fa	HRW	1	KAE9446906.1
Rhododendron_williamsianum	CDS	Rhododendron_williamsianum.rga.cds.fa	KV	1	KAE9458130.1
Rhododendron_williamsianum	CDS	Rhododendron_williamsianum.rga.cds.fa	KMRW	1	KAE9450400.1
Rhododendron_williamsianum	CDS	Rhododendron_williamsianum.rga.cds.fa	DRW	1	KAE9444853.1
Solanum_chilense	CDS	Solanum_chilense.rga.cds.fa	K	1	SOLCI001532600_T001
Agastache_rugosa	protein	Agastache_rugosa.rga.pro.fa	.	1176	AG34_scaffold5_07520T
Ammopiptanthus_nanus	protein	Ammopiptanthus_nanus.rga.pro.fa	.	1306	EVM0019348.1_R0
Artocarpus_nanchuanensis	protein	Artocarpus_nanchuanensis.rga.pro.fa	.	2341	EVM0028585.1
Codonopsis_lanceolata	protein	Codonopsis_lanceolata.rga.pro.fa	.	2305	Cl_C14927_unscaffolded_00010T
Coix_lacrymajobi	protein	Coix_lacrymajobi.rga.pro.fa	.	1602	Adlay1202_T0110
Colocasia_esculenta	protein	Colocasia_esculenta.rga.pro.fa	.	1325	EVM0027750.1
Elaeagnus_angustifolia	protein	Elaeagnus_angustifolia.rga.pro.fa	.	1564	EVM0020989.1
Gossypium_anomalum	protein	Gossypium_anomalum.rga.pro.fa	.	2201	Gano_13G003990.1
Gossypium_bickii	protein	Gossypium_bickii.rga.pro.fa	.	2122	Gbic_03G029420.1
Gossypium_stocksii	protein	Gossypium_stocksii.rga.pro.fa	.	2271	Gsto_01G004810.1
Gypsophila_paniculata	protein	Gypsophila_paniculata.rga.pro.fa	.	1844	Gpan11g00925.m1
