species	cds_records	protein_records	paired_exact_ids	cds_only_ids	protein_only_ids	cds_total_length	protein_total_length
Abies_alba	1399	1399	1399	0	0	1121111	372683
Abrus_precatorius	2558	2558	2558	0	0	5306895	1768965
Acacia_pycnantha	3488	3488	3488	0	0	6522736	2170760
Acanthochlamys_bracteata	1049	1049	1049	0	0	2195781	730878
Acer_catalpifolium	2510	2510	2510	0	0	5051121	1681163
Acer_negundo	1483	1483	1483	0	0	2698119	897890
Acer_pseudosieboldianum	1719	1719	1719	0	0	3207486	1067443
Acer_yangbiense	1797	1797	1797	0	0	3382749	1125786
Achnatherum_splendens	2569	2569	2569	0	0	4294626	1428973
Acorus_calamus	2108	2108	2108	0	0	3379257	1124311
Acorus_gramineus	704	704	704	0	0	1311264	436384
Actinidia_chinensis	1794	1794	1794	0	0	3495311	1163327
Actinidia_hemsleyana	1990	1990	1990	0	0	3467778	1153936
Actinidia_zhejiangensis	3511	3511	3511	0	0	5992101	1993856
Aegiceras_corniculatum	1769	1769	1769	0	0	3566298	1187414
Aegilops_bicornis	2081	2081	2081	0	0	4497201	1496986
Aegilops_longissima	2283	2283	2283	0	0	5315643	1769598
Aegilops_searsii	2166	2166	2166	0	0	4967409	1653637
Aegilops_sharonensis	2271	2271	2271	0	0	5293932	1762373
Aegilops_speltoides	2138	2138	2138	0	0	4896915	1630167
Aegilops_umbellulata	1985	1985	1985	0	0	4198308	1399432
Aegle_marmelos	1149	1149	1149	0	0	2126935	708977
Aeschynomene_evenia	1367	1367	1367	0	0	2963373	987785
Aethionema_arabicum	1234	1234	1234	0	0	2605497	867278
Agastache_rugosa	1226	1226	1226	0	0	2078460	692820
Akebia_trifoliata	1331	1331	1331	0	0	2614977	870328
Aldrovanda_vesiculosa	1217	1217	1217	0	0	2298642	765115
Allium_cepa	1578	1578	1578	0	0	2298558	764616
Allium_fistulosum	1703	1703	1703	0	0	2466177	822041
Allium_sativum	2080	2080	2080	0	0	2792031	928641
Amaranthus_tricolor	1218	1218	1218	0	0	2337786	778044
Amaranthus_tuberculatus	1009	1009	1009	0	0	3553750	1184563
Amborella_trichopoda	1440	1440	1440	0	0	2256003	750646
Ammopiptanthus_nanus	1317	1317	1317	0	0	2654751	884917
Amorphophallus_konjac	1654	1654	1654	0	0	2945616	980241
Amphicarpaea_edgeworthii	1229	1229	1229	0	0	2029683	676556
Ananas_comosus	1256	1256	1256	0	0	2646615	881013
Andrographis_paniculata	1733	1733	1733	0	0	3471576	1155463
Angelica_sinensis	1716	1716	1716	0	0	2759112	917988
Anisodus_acutangulus	1936	1936	1936	0	0	3610242	1201478
Anisodus_luridus	3666	3666	3666	0	0	6361422	2116808
Annona_cherimola	2696	2696	2696	0	0	4071588	1354576
Anthoceros_agrestis	644	644	644	0	0	1192977	397016
Anthoceros_angustus	446	446	446	0	0	804213	267625
Anthoceros_punctatus	666	666	666	0	0	1207514	401838
Antirrhinum_hispanicum	1730	1730	1730	0	0	3286341	1093717
Antirrhinum_majus	1611	1611	1611	0	0	3012135	1002509
Apium_graveolens	1371	1371	1371	0	0	2355290	783748
Apostasia_shenzhenica	758	758	758	0	0	1402110	466612
Aquilaria_sinensis	1461	1461	1461	0	0	2642316	879318
Aquilegia_coerulea	1404	1404	1404	0	0	2773188	923013
Arabidopsis_halleri	1536	1536	1536	0	0	2975252	989812
Arabidopsis_lyrata	1506	1506	1506	0	0	2893149	962890
Arabidopsis_suecica	2643	2643	2643	0	0	5242488	1744902
Arabidopsis_thaliana	1364	1364	1364	0	0	2766490	920794
Arabis_alpina	1603	1603	1603	0	0	3030593	1007666
Arabis_nemorensis	980	980	980	0	0	1740174	579078
Arachis_hypogaea	4156	4156	4156	0	0	8784219	2924132
Aralia_elata	1837	1837	1837	0	0	3901173	1298624
Arctium_lappa	1657	1657	1657	0	0	3205278	1066779
Areca_catechu	1589	1589	1589	0	0	2929344	975022
Aristolochia_contorta	890	890	890	0	0	1691343	562891
Aristolochia_fimbriata	837	837	837	0	0	1708524	568671
Armoracia_rusticana	2276	2276	2276	0	0	7015688	1305295
Artemisia_argyi	5399	5399	5399	0	0	13837404	4607069
Artocarpus_altilis	2090	2090	2090	0	0	4167852	1387115
Artocarpus_nanchuanensis	2341	2341	2341	0	0	4615632	1538544
Asparagus_officinalis	1023	1023	1023	0	0	1607649	534870
Asparagus_setaceus	1054	1054	1054	0	0	1954086	650309
Asterochloris_glomerata	311	311	311	0	0	485538	161585
Atalantia_buxifolia	1352	1352	1352	0	0	2373264	791035
Atriplex_hortensis	1265	1265	1265	0	0	2505492	833944
Atropa_belladonna	3072	3072	3072	0	0	5635326	1875370
Auxenochlorella_protothecoides	171	171	171	0	0	296709	98732
Avena_atlantica	2382	2382	2382	0	0	4993167	1662183
Avena_eriantha	2245	2245	2245	0	0	4482402	1492015
Avena_strigosa	2315	2315	2315	0	0	5176413	1725470
Averrhoa_carambola	1442	1442	1442	0	0	2487573	827749
Azolla_filiculoides	952	952	952	0	0	1758627	585288
Balanophora_fungosa	481	481	481	0	0	780897	259873
Balanophora_subcupularis	393	393	393	0	0	666984	221987
Barbarea_vulgaris	1556	1556	1556	0	0	3133290	1042966
Bathycoccus_prasinos	147	147	147	0	0	309636	103065
Bauhinia_variegata	2592	2592	2592	0	0	4670625	1554285
Begonia_darthvaderiana	854	854	854	0	0	1545774	514427
Begonia_fuchsioides	1764	1764	1764	0	0	3434283	1142981
Begonia_loranthoides	971	971	971	0	0	2147214	714779
Begonia_masoniana	881	881	881	0	0	1611234	536220
Begonia_peltatifolia	812	812	812	0	0	1557618	518429
Benincasa_hispida	1044	1044	1044	0	0	1971016	655984
Beta_patula	1078	1078	1078	0	0	2001105	665965
Betula_platyphylla	2311	2311	2311	0	0	4423698	1474566
Boea_hygrometrica	980	980	980	0	0	1839009	612019
Boechera_retrofracta	1729	1729	1729	0	0	3796593	1265531
Boechera_stricta	1699	1699	1699	0	0	3217038	1070705
Boehmeria_nivea	1037	1037	1037	0	0	2933475	976872
Bombax_ceiba	2615	2615	2615	0	0	4304671	1432290
Bonia_amplexicaulis	2637	2637	2637	0	0	4802214	1598101
Bothriochloa_decipiens	4390	4390	4390	0	0	8394051	2794529
Bougainvillea_x_buttiana	3112	3112	3112	0	0	5551035	1847233
Brachypodium_distachyon	1767	1767	1767	0	0	3685866	1226906
Brachypodium_hybridum	3309	3309	3309	0	0	6792144	2260724
Brachypodium_stace	1571	1571	1571	0	0	3307437	1100791
Brachypodium_sylvaticum	2099	2099	2099	0	0	4421520	1473840
Brasenia_schreberi	2660	2660	2660	0	0	4394863	1462299
Brassica_carinata	4135	4135	4135	0	0	7575450	2521029
Brassica_gravinae	2144	2144	2144	0	0	3373356	1122746
Brassica_juncea	3815	3815	3815	0	0	6649931	2215804
Brassica_napus	4097	4097	4097	0	0	7117937	2368558
Brassica_nigra	2431	2431	2431	0	0	1564224	1564224
Brassica_oleracea	1564	1564	1564	0	0	2472768	824256
Brassica_rapa	2102	2102	2102	0	0	3815094	1269588
Brassica_repanda	2598	2598	2598	0	0	4270035	1420891
Brassica_tournefortii	1928	1928	1928	0	0	3604782	1199673
Bretschneidera_sinensis	2194	2194	2194	0	0	3665908	1219794
Bruguiera_sexangula	1321	1321	1321	0	0	2419772	805280
Buddleja_alternifolia	1734	1734	1734	0	0	3458691	1151163
Buxus_austroyunnanensis	1262	1262	1262	0	0	2423751	806655
Buxus_sinica	2102	2102	2102	0	0	4163937	1386104
Calamus_simplicifolius	2865	2865	2865	0	0	4561080	1517486
Callicarpa_americana	2186	2186	2186	0	0	4067013	1353485
Calotropis_gigantea	963	963	963	0	0	1925706	641902
Camelina_sativa	4088	4088	4088	0	0	7763727	2583937
Camellia_chekiangoleosa	4578	4578	4578	0	0	8124327	2703531
Camptotheca_acuminata	1867	1867	1867	0	0	3382692	1125608
Capparis_spinosa	1037	1037	1037	0	0	1966440	654443
Capsella_grandiflora	1261	1261	1261	0	0	2347071	781180
Capsella_rubella	1444	1444	1444	0	0	2866902	954198
Capsicum_annuum	2110	2110	2110	0	0	3085341	1026337
Capsicum_baccatum	2865	2865	2865	0	0	5013987	1668355
Capsicum_chinense	2679	2679	2679	0	0	4546404	1512632
Capsicum_pubescens	2669	2669	2669	0	0	5940066	1977356
Cardamine_enshiensis	2425	2425	2425	0	0	4003458	1332061
Cardamine_hirsuta	1883	1883	1883	0	0	3155082	1051694
Carex_cristatella	1371	1371	1371	0	0	2171776	722550
Carex_scoparia	1324	1324	1324	0	0	2096369	697466
Carica_papaya	904	904	904	0	0	1772637	589975
Carnegiea_gigantea	1274	1274	1274	0	0	2253318	749699
Carpinus_fangiana	1261	1261	1261	0	0	2354358	783493
Carpinus_viminea	1951	1951	1951	0	0	3474588	1156245
Carrichtera_annua	2008	2008	2008	0	0	3246165	1080107
Carya_cathayensis	1994	1994	1994	0	0	3403838	1134585
Carya_illinoinensis	2315	2315	2315	0	0	4692201	1561775
Castanea_mollissima	2322	2322	2322	0	0	4121709	1371620
Castanopsis_hystrix	1904	1904	1904	0	0	3687165	1227151
Castanopsis_tibetana	2387	2387	2387	0	0	3921519	1304812
Catharanthus_roseus	1128	1128	1128	0	0	2252592	749714
Cenchrus_americanus	1630	1630	1630	0	0	3121266	1040363
Cenchrus_macrourus	4413	4413	4413	0	0	8932374	2973045
Cenchrus_purpureus	4521	4521	4521	0	0	8854008	2946815
Cerasus_serrulata	2125	2125	2125	0	0	4811724	1603908
Cercis_canadensis	2116	2116	2116	0	0	4975248	1656300
Ceriops_tagal	1271	1271	1271	0	0	2619106	873035
Chamaecrista_fasciculata	1591	1591	1591	0	0	3496917	1164048
Chara_braunii	693	693	693	0	0	1963639	653855
Chenopodium_pallidicaule	948	948	948	0	0	1866885	621372
Chenopodium_quinoa	2391	2391	2391	0	0	4661865	1551607
Chenopodium_watsonii	666	666	666	0	0	1366425	454818
Chimonanthus_salicifolius	1666	1666	1666	0	0	2864753	954916
Chiococca_alba	2315	2315	2315	0	0	4209541	1403160
Chlamydomonas_eustigma	479	479	479	0	0	1161045	386539
Chlamydomonas_incerta	821	821	821	0	0	3157418	1051652
Chlamydomonas_reinhardtii	643	643	643	0	0	2457000	818357
Chlamydomonas_schloesseri	723	723	723	0	0	2898513	965451
Chloranthus_spicatus	1069	1069	1069	0	0	2257125	751306
Chlorella_variabilis	320	320	320	0	0	521702	173640
Chlorokybus_atmophyticus	223	223	223	0	0	432300	143877
Chloropicon_primus	205	205	205	0	0	407610	135665
Chondrus_crispus	259	259	259	0	0	554145	184459
Chromochloris_zofingiensis	420	420	420	0	0	904044	300929
Chrysanthemum_makinoi	4278	4278	4278	0	0	6657535	2215090
Chrysanthemum_nankingense	5445	5445	5445	0	0	8549289	2844424
Chrysanthemum_x_morifolium	10192	10192	10192	0	0	19663352	6554378
Cicer_arietinum	1226	1226	1226	0	0	2336376	777566
Cicer_reticulatum	1190	1190	1190	0	0	2338697	779321
Cichorium_endivia	1946	1946	1946	0	0	3203070	1065744
Cichorium_intybus	2055	2055	2055	0	0	3231870	1075235
Cinchona_pubescens	2501	2501	2501	0	0	4226760	1406418
Cinnamomum_kanehirae	2284	2284	2284	0	0	4524378	1505928
Cissus_rotundifolia	1594	1594	1594	0	0	2784483	926567
Citropsis_gilletiana	1436	1436	1436	0	0	2596938	865644
Citrullus_lanatus	969	969	969	0	0	1838505	611545
Citrus_australasica	1498	1498	1498	0	0	2629324	876438
Citrus_australis	1336	1336	1336	0	0	2179428	725140
Citrus_cavaleriei	1443	1443	1443	0	0	2344098	781361
Citrus_clementina	2483	2483	2483	0	0	5539431	1846477
Citrus_grandis	1668	1668	1668	0	0	2970197	988401
Citrus_japonica	2285	2285	2285	0	0	5158296	1717147
Citrus_linwuensis	1454	1454	1454	0	0	2524941	841643
Citrus_mangshanensis	1302	1302	1302	0	0	2241587	747193
Citrus_medica	1542	1542	1542	0	0	2405053	801658
Citrus_reticulata	2139	2139	2139	0	0	3662390	1220728
Citrus_sinensis	2336	2336	2336	0	0	3926925	1307126
Citrus_trifoliata	1647	1647	1647	0	0	3240144	1080044
Citrus_x_limon	3734	3734	3734	0	0	6914400	2301066
Cladopus_chinensis	1009	1009	1009	0	0	1945014	647337
Clausena_lansium	1561	1561	1561	0	0	2681418	893802
Cleistogenes_songorica	2626	2626	2626	0	0	4805427	1599183
Cleome_gynandra	1235	1235	1235	0	0	2093575	696624
Clethra_arborea	1976	1976	1976	0	0	3326316	1107208
Coccomyxa_subellipsoidea	254	254	254	0	0	440343	146543
Codonopsis_lanceolata	2523	2523	2523	0	0	3836616	1278872
Coffea_canephora	2345	2345	2345	0	0	4707021	1566720
Coffea_humblotiana	1581	1581	1581	0	0	2641053	878784
Coix_lacrymajobi	1774	1774	1774	0	0	3925470	1308490
Colocasia_esculenta	1345	1345	1345	0	0	2381682	793894
Coptis_chinensis	1586	1586	1586	0	0	2239875	745078
Corchorus_capsularis	1090	1090	1090	0	0	2307377	768061
Corchorus_olitorius	1506	1506	1506	0	0	2659921	885142
Coriandrum_sativum	2138	2138	2138	0	0	3400734	1131454
Cornus_wilsoniana	1681	1681	1681	0	0	3005716	1001896
Corydalis_tomentella	1124	1124	1124	0	0	2198301	731643
Corylus_avellana	660	660	660	0	0	436323	145101
Cremastra_appendiculata	744	744	744	0	0	1443525	480497
Cucumis_hystrix	1048	1048	1048	0	0	2017453	671425
Cucumis_melo	994	994	994	0	0	1999527	665516
Cucumis_sativus	1073	1073	1073	0	0	2068622	689542
Cucurbita_argyrosperma	1247	1247	1247	0	0	2330361	775584
Cucurbita_maxima	1385	1385	1385	0	0	2888088	961318
Cucurbita_moschata	1393	1393	1393	0	0	2899716	965183
Cucurbita_pepo	1321	1321	1321	0	0	2428971	808465
Cuscuta_campestris	1435	1435	1435	0	0	2603928	866113
Cuscuta_epithymum	1533	1533	1533	0	0	2666064	887220
Cuscuta_europaea	717	717	717	0	0	1277115	425010
Cyanidiococcus_yangmingshanensis	91	91	91	0	0	149370	49699
Cyanidioschyzon_merolae	99	99	99	0	0	209439	69714
Cyanophora_paradoxa	497	497	497	0	0	1016869	338459
Cyclocarya_paliurus	2851	2851	2851	0	0	4963515	1651654
Cydonia_oblonga	3969	3969	3969	0	0	4814745	1601968
Cymbidium_ensifolium	1099	1099	1099	0	0	1754037	583580
Cyperus_esculentus	2268	2268	2268	0	0	4759299	1584193
Daemonorops_jenkinsiana	3542	3542	3542	0	0	5564352	1851242
Dalbergia_cochinchinensis	1890	1890	1890	0	0	3340392	1111574
Dalbergia_cultrata	2262	2262	2262	0	0	3967485	1320233
Dalbergia_odorifera	1513	1513	1513	0	0	2525001	840164
Datisca_glomerata	1078	1078	1078	0	0	1969974	655457
Datura_inoxia	1618	1618	1618	0	0	3287265	1094137
Daucus_carota	1646	1646	1646	0	0	3218805	1072935
Davidia_involucrata	2513	2513	2513	0	0	4578084	1523492
Dendrobium_chrysotoxum	1123	1123	1123	0	0	1961781	652834
Dendrobium_huoshanense	845	845	845	0	0	1560195	519239
Dendrobium_hybrid_cultivar	1229	1229	1229	0	0	962059	320496
Dendrobium_nobile	1230	1230	1230	0	0	2326545	774285
Dendrocalamus_latiflorus	6595	6595	6595	0	0	12447642	4142664
Dianthus_caryophyllus	1802	1802	1802	0	0	3536815	1177138
Dichanthelium_oligosanthes	1541	1541	1541	0	0	2737695	910920
Dimocarpus_longan	2940	2940	2940	0	0	5913585	1968255
Dionaea_muscipula	791	791	791	0	0	1450932	481148
Dioscorea_alata	1675	1675	1675	0	0	3552114	1182410
Dioscorea_dumetorum	1572	1572	1572	0	0	3349704	1114996
Dioscorea_zingiberensis	1521	1521	1521	0	0	2764200	919879
Diospyros_lotus	2264	2264	2264	0	0	3918123	1303781
Diospyros_oleifera	1388	1388	1388	0	0	2321417	773797
Diplotaxis_acris	3182	3182	3182	0	0	4642392	1544451
Diplotaxis_erucoides	2720	2720	2720	0	0	5093499	1695239
Diplotaxis_harra	2969	2969	2969	0	0	4737261	1576693
Diplotaxis_muralis	4510	4510	4510	0	0	8286627	2757905
Diplotaxis_tenuifolia	2564	2564	2564	0	0	4285299	1425934
Diplotaxis_tenuisiliqua	2115	2115	2115	0	0	3609675	1201178
Diplotaxis_viminea	2162	2162	2162	0	0	3734388	1242662
Dipteronia_dyeriana	1590	1590	1590	0	0	2846409	947221
Dipteronia_sinensis	1493	1493	1493	0	0	2483023	826192
Discaria_trinervis	1390	1390	1390	0	0	3081078	1025636
Draba_nivalis	1811	1811	1811	0	0	3781980	1258932
Drosera_spatulata	881	881	881	0	0	1695606	564396
Dryas_drummondii	1370	1370	1370	0	0	2981310	992400
Dunaliella_salina	339	339	339	0	0	535980	178355
Durio_zibethinus	7	7	7	0	0	44265	14754
Echinochloa_colona	3605	3605	3605	0	0	8082843	2690676
Echinochloa_crusgalli	3864	3864	3864	0	0	8399829	2796079
Echinochloa_haploclada	1585	1585	1585	0	0	3578550	1192850
Echinochloa_oryzicola	2538	2538	2538	0	0	5554584	1848989
Edaphochlamys_debaryana	944	944	944	0	0	3026938	1008040
Elaeagnus_angustifolia	1564	1564	1564	0	0	3025170	1008390
Elaeagnus_mollis	1458	1458	1458	0	0	2654247	884745
Eleusine_coracana	2812	2812	2812	0	0	5122359	1707453
Eleusine_indica	1009	1009	1009	0	0	2080905	692632
Ensete_glaucum	1546	1546	1546	0	0	2917807	971088
Ensete_ventricosum	1413	1413	1413	0	0	1906122	633965
Entada_phaseoloides	1332	1332	1332	0	0	2354766	783590
Epimedium_pubescens	1696	1696	1696	0	0	3303924	1099612
Eragrostis_curvula	3052	3052	3052	0	0	5998608	1996672
Eragrostis_nindensis	5439	5439	5439	0	0	11032674	3672932
Eragrostis_tef	3640	3640	3640	0	0	7491369	2493879
Eremochloa_ophiuroides	2374	2374	2374	0	0	4444741	1479223
Erianthus_fulvus	1788	1788	1788	0	0	4162260	1385632
Erianthus_rufipilus	2499	2499	2499	0	0	5107680	1702560
Eriobotrya_japonica	2963	2963	2963	0	0	6488355	2159825
Erythranthe_guttatus	1717	1717	1717	0	0	3285482	1093478
Erythranthe_luteus	2478	2478	2478	0	0	4879368	1624016
Erythroxylum_novogranatense	1512	1512	1512	0	0	3013938	1003134
Eucalyptus_grandis	3982	3982	3982	0	0	7676280	2555328
Eucommia_ulmoides	1316	1316	1316	0	0	1874718	623695
Euphorbia_lathyris	1389	1389	1389	0	0	2733660	909830
Euryale_ferox	1942	1942	1942	0	0	3885060	1293080
Euscaphis_japonica	1658	1658	1658	0	0	3020388	1005138
Eutrema_japonicum	703	703	703	0	0	1472310	490770
Eutrema_salsugineum	1350	1350	1350	0	0	2543979	846725
Fagopyrum_cymosum	1860	1860	1860	0	0	2964396	986326
Fagopyrum_esculentum	2396	2396	2396	0	0	3338060	1110507
Fagopyrum_homotropicum	1346	1346	1346	0	0	1707978	568276
Fagopyrum_tataricum	1559	1559	1559	0	0	2323290	772891
Faidherbia_albida	1903	1903	1903	0	0	3598398	1197557
Fallopia_multiflora	1827	1827	1827	0	0	3265468	1088480
Ficus_carica	1754	1754	1754	0	0	2958296	984372
Ficus_hispida	2094	2094	2094	0	0	4293183	1429040
Ficus_microcarpa	1944	1944	1944	0	0	3714891	1236459
Fontinalis_antipyretica	616	616	616	0	0	1181892	393381
Fragaria_ananassa	5344	5344	5344	0	0	11221977	3735464
Fragaria_daltoniana	1518	1518	1518	0	0	2772183	922544
Fragaria_iinumae	1354	1354	1354	0	0	2533481	843141
Fragaria_mandshurica	1161	1161	1161	0	0	1965229	653919
Fragaria_nilgerrensis	1160	1160	1160	0	0	2005927	667487
Fragaria_nubicola	1338	1338	1338	0	0	2249027	748339
Fragaria_pentaphylla	1022	1022	1022	0	0	1820208	605716
Fragaria_vesca	1695	1695	1695	0	0	4579043	1237752
Fragaria_x_ananassa	5344	5344	5344	0	0	11221977	3740659
Fraxinus_excelsior	2107	2107	2107	0	0	3685243	1226118
Fraxinus_pennsylvanica	1890	1890	1890	0	0	3198531	1064225
Galdieria_sulphuraria	124	124	124	0	0	213066	70898
Gastrodia_elata	1296	1296	1296	0	0	2200506	732206
Gastrodia_menghaiensis	686	686	686	0	0	1208436	402131
Genlisea_aurea	647	647	647	0	0	935880	311698
Gilia_yorkii	2167	2167	2167	0	0	3909117	1300985
Gillenia_trifoliata	1470	1470	1470	0	0	2544255	846615
Ginkgo_biloba	1798	1798	1798	0	0	3301042	1098586
Glebionis_coronaria	2550	2550	2550	0	0	4076370	1356240
Glycine_max	3119	3119	3119	0	0	6173244	2057748
Glycine_soja	2920	2920	2920	0	0	5786115	1925801
Gnetum_montanum	1836	1836	1836	0	0	2339687	778387
Gonium_pectorale	697	697	697	0	0	1450770	482893
Gossypium_anomalum	2202	2202	2202	0	0	4856988	1618996
Gossypium_arboreum	2295	2295	2295	0	0	4760121	1584425
Gossypium_barbadense	4540	4540	4540	0	0	9533535	3173372
Gossypium_bickii	2123	2123	2123	0	0	4578963	1526321
Gossypium_darwinii	4568	4568	4568	0	0	9703611	3229996
Gossypium_herbaceum	2291	2291	2291	0	0	4899723	1630950
Gossypium_hirsutum	4388	4388	4388	0	0	9089736	3025633
Gossypium_longicalyx	2177	2177	2177	0	0	4745370	1579613
Gossypium_raimondii	2288	2288	2288	0	0	4726242	1573199
Gossypium_rotundifolium	2086	2086	2086	0	0	4354956	1449566
Gossypium_stocksii	2272	2272	2272	0	0	4984197	1661399
Gossypium_sturtianum	2008	2008	2008	0	0	4243584	1412521
Gracilariopsis_chorda	234	234	234	0	0	433266	144188
Guadua_angustifolia	4122	4122	4122	0	0	6380115	2123713
Gypsophila_paniculata	1867	1867	1867	0	0	3686160	1228720
Haloxylon_ammodendron	1511	1511	1511	0	0	2875348	956938
Helianthus_annuus	4395	4395	4395	0	0	8790705	2925844
Helianthus_tuberosus	6624	6624	6624	0	0	9574572	3184900
Heliophila_variabilis	1035	1035	1035	0	0	1828290	609430
Herpetospermum_pedunculosum	945	945	945	0	0	1816844	604670
Hibiscus_cannabinus	748	748	748	0	0	1741872	560504
Hippophae_rhamnoides	1503	1503	1503	0	0	2823576	939689
Hirschfeldia_incana	1595	1595	1595	0	0	2995830	997015
Hordeum_marinum	2744	2744	2744	0	0	5109381	1700383
Hordeum_spontaneum	2616	2616	2616	0	0	4680633	1560211
Hordeum_vulgare	2220	2220	2220	0	0	4461888	1487296
Humulus_lupulus	3628	3628	3628	0	0	6447207	2123009
Hylocereus_undatus	1230	1230	1230	0	0	2167524	721339
Hyssopus_officinalis	3152	3152	3152	0	0	5612994	1870998
Ilex_latifolia	1981	1981	1981	0	0	3911586	1301881
Ilex_polyneura	1263	1263	1263	0	0	2212704	736305
Iochroma_cyaneum	3194	3194	3194	0	0	6334264	2108250
Ipomoea_aquatica	1543	1543	1543	0	0	2888118	961163
Ipomoea_batatas	3515	3515	3515	0	0	7770942	2590314
Ipomoea_cairica	1681	1681	1681	0	0	2977044	990667
Iris_pallida	2565	2565	2565	0	0	4452501	1481602
Isatis_indigotica	1392	1392	1392	0	0	2319248	771699
Jacaranda_mimosifolia	1458	1458	1458	0	0	2654247	884745
Jasminum_sambac	1385	1385	1385	0	0	2597937	864594
Juglans_mandshurica	1614	1614	1614	0	0	3220890	1073630
Juglans_sigillata	1876	1876	1876	0	0	3624636	1206341
Juncus_effusus	1415	1415	1415	0	0	2260275	752005
Juncus_inflexus	1424	1424	1424	0	0	2367054	787592
Kalanchoe_fedtschenkoi	1397	1397	1397	0	0	2619738	871355
Kandelia_obovata	860	860	860	0	0	1616331	537937
Kingdonia_uniflora	1869	1869	1869	0	0	2857569	950693
Klebsormidium_nitens	423	423	423	0	0	925413	308052
Knoxia_roxburghii	1370	1370	1370	0	0	2730426	910142
Kobresia_littledalei	1039	1039	1039	0	0	1760391	585758
Lablab_purpureus	1130	1130	1130	0	0	2290863	762487
Lactuca_saligna	2321	2321	2321	0	0	4480419	1491152
Lactuca_sativa	2395	2395	2395	0	0	5081277	1693759
Lactuca_virosa	2220	2220	2220	0	0	3956253	1316535
Lagenaria_siceraria	1078	1078	1078	0	0	2247096	747998
Lagerstroemia_indica	2115	2115	2115	0	0	4787532	1593729
Leavenworthia_alabamica	1601	1601	1601	0	0	3151433	1048869
Leersia_perrieri	1869	1869	1869	0	0	4145931	1380110
Lemna_minor	934	934	934	0	0	1575030	524230
Lemna_minuta	837	837	837	0	0	1034304	343947
Lepidium_meyenii	4302	4302	4302	0	0	7704040	2563717
Lindenbergia_luchunensis	1558	1558	1558	0	0	2905287	966871
Litchi_chinensis	1934	1934	1934	0	0	3333650	1109412
Lithospermum_erythrorhizon	1614	1614	1614	0	0	2672001	889083
Lobularia_maritima	1272	1272	1272	0	0	2479557	825247
Lolium_perenne	1892	1892	1892	0	0	4217465	1405804
Lolium_rigidum	3386	3386	3386	0	0	7247200	2412355
Lonicera_japonica	2636	2636	2636	0	0	2816058	1280011
Luffa_acutangula	1267	1267	1267	0	0	2447094	814431
Luffa_cylindrica	1203	1203	1203	0	0	2411781	802731
Lupinus_albus	1562	1562	1562	0	0	2766804	920706
Lupinus_angustifolius	2529	2529	2529	0	0	4930470	1640929
Luvunga_scandens	1310	1310	1310	0	0	2579433	859798
Lycianthes_biflora	2034	2034	2034	0	0	3939519	1311139
Lycium_barbarum	2392	2392	2392	0	0	4247772	1413532
Macadamia_integrifolia	1995	1995	1995	0	0	3468210	1154075
Magnolia_biondii	2054	2054	2054	0	0	3533274	1175726
Malania_oleifera	1172	1172	1172	0	0	2313930	770138
Malus_baccata	2567	2567	2567	0	0	4740780	1577693
Malus_domestica	3073	3073	3073	0	0	6540234	2177011
Malus_sieversii	2676	2676	2676	0	0	5402091	1798025
Malus_sylvestris	2727	2727	2727	0	0	7214649	2402159
Manihot_esculenta	2196	2196	2196	0	0	4700763	1566921
Marchantia_polymorpha	607	607	607	0	0	1333275	443830
Medicago_polymorpha	1991	1991	1991	0	0	3709020	1234349
Medicago_truncatula	3078	3078	3078	0	0	6436089	2142307
Megacarpaea_delavayi	1592	1592	1592	0	0	2735553	911851
Megadenia_pygmaea	1422	1422	1422	0	0	2661060	885598
Melaleuca_alternifolia	3255	3255	3255	0	0	5916306	1968847
Melastoma_dodecandrum	1567	1567	1567	0	0	2826576	942192
Melilotus_albus	2005	2005	2005	0	0	4080900	1358295
Mesembryanthemum_crystallinum	957	957	957	0	0	1897489	631540
Mesostigma_viride	285	285	285	0	0	603078	200741
Mesotaenium_endlicherianum	332	332	332	0	0	612879	203984
Mesua_ferrea	2555	2555	2555	0	0	4208961	1400432
Micractinium_conductrix	293	293	293	0	0	876066	291729
Micromonas_pusilla	213	213	213	0	0	323514	107683
Microthlaspi_erraticum	1899	1899	1899	0	0	3372073	1122135
Mikania_micrantha	2474	2474	2474	0	0	5006241	1668747
Mimosa_pudica	1659	1659	1659	0	0	3747636	1247553
Mimulus_guttatus	1638	1638	1638	0	0	3210042	1068428
Mimulus_luteus	2478	2478	2478	0	0	4879368	1623985
Miscanthus_lutarioriparius	4173	4173	4173	0	0	8401404	2796298
Miscanthus_sinensis	3936	3936	3936	0	0	7492197	2493608
Misopates_orontium	1671	1671	1671	0	0	3294432	1096473
Momordica_charantia	1129	1129	1129	0	0	2326839	774485
Monoraphidium_neglectum	401	401	401	0	0	413243	192201
Morella_rubra	1826	1826	1826	0	0	3129258	1041260
Moricandia_sinaica	1966	1966	1966	0	0	3415893	1136917
Moricandia_spinosa	2855	2855	2855	0	0	3906309	1299397
Moricandia_suffruticosa	2137	2137	2137	0	0	3891780	1295274
Moringa_oleifera	873	873	873	0	0	1637517	544947
Mucuna_pruriens	1628	1628	1628	0	0	3201210	1065442
Murraya_paniculata	1272	1272	1272	0	0	2419627	806539
Musa_acuminata	1814	1814	1814	0	0	3758904	1251204
Musa_balbisiana	1354	1354	1354	0	0	2565225	853721
Musa_beccarii	1707	1707	1707	0	0	3218231	1071041
Musa_itinerans	1352	1352	1352	0	0	2425596	808074
Musa_schizocarpa	1553	1553	1553	0	0	2901144	965622
Musa_textilis	1544	1544	1544	0	0	2597433	865803
Musa_troglodytarum	1792	1792	1792	0	0	3577851	1190857
Nelumbo_nucifera	1735	1735	1735	0	0	3123978	1041326
Neolamarckia_cadamba	1774	1774	1774	0	0	3085131	1026621
Nepeta_cataria	4125	4125	4125	0	0	7293279	2431093
Nepeta_mussinii	2355	2355	2355	0	0	4427334	1475778
Nephelium_lappaceum	4352	4352	4352	0	0	8312733	2766719
Nicandra_physalodes	1427	1427	1427	0	0	2998197	997972
Nicotiana_attenuata	1910	1910	1910	0	0	3734560	1242982
Nicotiana_benthamiana	1958	1958	1958	0	0	3443244	1145856
Nicotiana_longiflora	1999	1999	1999	0	0	3899889	1297964
Nicotiana_sylvestris	2467	2467	2467	0	0	5178265	1723655
Nicotiana_tabacum	1560	1560	1560	0	0	2923503	973131
Nicotiana_tomentosiformis	2950	2950	2950	0	0	5489814	1827060
Nissolia_schottii	1692	1692	1692	0	0	3822747	1272557
Nymphaea_colorata	1367	1367	1367	0	0	2765841	920659
Nymphoides_indica	1671	1671	1671	0	0	2812221	935952
Nyssa_sinensis	2222	2222	2222	0	0	4132990	1377663
Nyssa_yunnanensis	2163	2163	2163	0	0	3267468	1086993
Ochroma_pyramidale	2248	2248	2248	0	0	4441488	1478248
Oldenlandia_corymbosa	1771	1771	1771	0	0	3872623	1290873
Olea_europaea	2088	2088	2088	0	0	3715590	1236442
Olyra_latifolia	1903	1903	1903	0	0	3718146	1237479
Ophiorrhiza_pumila	1584	1584	1584	0	0	3107571	1034311
Origanum_majorana	2211	2211	2211	0	0	4107375	1369125
Origanum_vulgare	2158	2158	2158	0	0	4101390	1367130
Orobanche_aegyptiaca	1006	1006	1006	0	0	1633470	543484
Orobanche_cumana	1005	1005	1005	0	0	1722228	573071
Oropetium_thomaeum	861	861	861	0	0	1149102	383034
Orychophragmus_violaceus	2107	2107	2107	0	0	4057506	1350395
Oryza_alta	4420	4420	4420	0	0	7931922	2643974
Oryza_barthii	2000	2000	2000	0	0	4730922	1574978
Oryza_brachyantha	1432	1432	1432	0	0	3118380	1038039
Oryza_coarctata	3397	3397	3397	0	0	5984793	1991534
Oryza_glaberrima	1746	1746	1746	0	0	4117986	1370924
Oryza_glumaepatula	1999	1999	1999	0	0	4620717	1538246
Oryza_granulata	1984	1984	1984	0	0	3320002	1104744
Oryza_meridionalis	1564	1564	1564	0	0	3580905	1192072
Oryza_nivara	2051	2051	2051	0	0	4920426	1638093
Oryza_punctata	1789	1789	1789	0	0	4151304	1381979
Oryza_rufipogon	2056	2056	2056	0	0	4951617	1648486
Oryza_sativa	2261	2261	2261	0	0	4766433	1586550
Ostreococcus_lucimarinus	165	165	165	0	0	206481	68718
Ostrya_rehderiana	1276	1276	1276	0	0	2144562	713582
Paeonia_ludlowii	1868	1868	1868	0	0	3107714	1035902
Paeonia_ostii	2060	2060	2060	0	0	2711709	901964
Paeonia_suffruticosa	1194	1194	1194	0	0	1699344	565318
Panax_ginseng	2816	2816	2816	0	0	4965567	1652373
Panax_japonicus	2848	2848	2848	0	0	4801332	1597596
Panax_notoginseng	1660	1660	1660	0	0	2518383	837832
Panax_quinquefolius	2385	2385	2385	0	0	4396461	1463102
Panax_stipuleanatus	1446	1446	1446	0	0	2416458	804040
Panicum_hallii	1703	1703	1703	0	0	3545451	1180114
Panicum_miliaceum	3128	3128	3128	0	0	6411561	2134245
Panicum_virgatum	4048	4048	4048	0	0	8093148	2693722
Papaver_rhoeas	2222	2222	2222	0	0	4330206	1441266
Papaver_setigerum	4171	4171	4171	0	0	7304841	2430963
Papaver_somniferum	2289	2289	2289	0	0	3978906	1324123
Papilionanthehookeriana_xteres	978	978	978	0	0	2522633	568297
Paspalum_vaginatum	2140	2140	2140	0	0	4666374	1553358
Paulownia_fortunei	1629	1629	1629	0	0	3188685	1061281
Penium_margaritaceum	1684	1684	1684	0	0	2114673	703593
Pennisetum_purpureum	2954	2954	2954	0	0	6303194	1692182
Perilla_frutescens	4428	4428	4428	0	0	8079804	2693268
Persea_americana	1809	1809	1809	0	0	3201565	1065380
Petrea_volubilis	3064	3064	3064	0	0	5573451	1857817
Petunia_axillaris	1635	1635	1635	0	0	3089256	1028343
Petunia_inflata	1967	1967	1967	0	0	3903648	1299492
Phalaenopsis_aphrodite	944	944	944	0	0	1747728	581669
Pharus_latifolius	1590	1590	1590	0	0	3130331	1041854
Phaseolus_acutifolius	1747	1747	1747	0	0	3539067	1179689
Phaseolus_lunatus	1790	1790	1790	0	0	3565077	1188359
Phaseolus_vulgaris	2229	2229	2229	0	0	4587877	1527157
Phoebe_bournei	2278	2278	2278	0	0	4557900	1517028
Phragmites_australis	3340	3340	3340	0	0	5765394	1918574
Phyllostachys_edulis	3364	3364	3364	0	0	5897748	1962603
Physalis_angulata	3080	3080	3080	0	0	6497673	2162811
Physalis_grisea	1673	1673	1673	0	0	3016035	1003929
Physalis_pruinosa	1663	1663	1663	0	0	2988745	994847
Physalis_pubescens	1686	1686	1686	0	0	3331407	1108783
Physcomitrella_patens	960	960	960	0	0	1801275	599491
Picrorhiza_kurrooa	2452	2452	2452	0	0	3422715	1135810
Pistia_stratiotes	952	952	952	0	0	1795756	598585
Pisum_sativum	1551	1551	1551	0	0	2788339	927917
Platycodon_grandiflorus	1670	1670	1670	0	0	2869231	954737
Pogostemon_cablin	6402	6402	6402	0	0	10904019	3628419
Polygala_tenuifolia	1488	1488	1488	0	0	2580080	860025
Polygonum_cuspidatum	1478	1478	1478	0	0	2288796	761151
Populus_deltoides	1666	1666	1666	0	0	2832072	942439
Populus_glandulosa	4855	4855	4855	0	0	9197688	3061007
Populus_glandulosa_x_alba	4855	4855	4855	0	0	9197688	3061041
Populus_ilicifolia	1846	1846	1846	0	0	3685107	1226523
Populus_pruinosa	1947	1947	1947	0	0	4089903	1361278
Populus_tremula	1615	1615	1615	0	0	3144141	881548
Populus_trichocarpa	3002	3002	3002	0	0	5837283	1942826
Porphyra_umbilicalis	240	240	240	0	0	501810	167049
Portulaca_amilis	2194	2194	2194	0	0	3962025	1320675
Portulaca_oleracea	2193	2193	2193	0	0	4061115	1351512
Potentilla_anserina	2501	2501	2501	0	0	3912610	1301709
Potentilla_micrantha	1490	1490	1490	0	0	2858524	951364
Prasinoderma_coloniale	206	206	206	0	0	406749	135379
Primula_veris	904	904	904	0	0	1693362	552803
Prinsepia_uniflora	2000	2000	2000	0	0	4128934	1376310
Prosopis_alba	4409	4409	4409	0	0	8581712	2856391
Prosopis_cineraria	3368	3368	3368	0	0	6497291	2162759
Protea_cynaroides	1519	1519	1519	0	0	2795400	930283
Prunus_armeniaca	2168	2168	2168	0	0	4559115	1517537
Prunus_avium	2116	2116	2116	0	0	3993106	1328924
Prunus_campanulata	1937	1937	1937	0	0	4066557	1353583
Prunus_domestica	6243	6243	6243	0	0	10022398	3331508
Prunus_dulcis	2130	2130	2130	0	0	4126459	1373400
Prunus_fruticosa	7550	7550	7550	0	0	13826448	4601275
Prunus_hongpingensis	1568	1568	1568	0	0	2576091	857129
Prunus_mandshurica	2425	2425	2425	0	0	5057136	1683278
Prunus_mongolica	1593	1593	1593	0	0	3531732	1175651
Prunus_mume	1827	1827	1827	0	0	4016732	1337086
Prunus_salicina	1115	1115	1115	0	0	653730	653730
Prunus_sibirica	2739	2739	2739	0	0	5411859	1801181
Prunus_x_kanzakura	4141	4141	4141	0	0	9065868	3018041
Prunus_yedoensis	2434	2434	2434	0	0	3484326	1159008
Prunus_zhengheensis	1467	1467	1467	0	0	2392770	796123
Pterocarpus_macrocarpus	1840	1840	1840	0	0	3242223	1078902
Pterocarpus_santalinus	2012	2012	2012	0	0	3480069	1158011
Punica_granatum	1593	1593	1593	0	0	3358459	1117894
Pyrus_betulifolia	2958	2958	2958	0	0	2107877	2107877
Pyrus_bretschneideri	2538	2538	2538	0	0	5315500	1769338
Pyrus_communis	2329	2329	2329	0	0	4058172	1350396
Pyrus_pyrifolia	2653	2653	2653	0	0	5670225	1887422
Quercus_acutissima	1794	1794	1794	0	0	3162835	1052486
Quercus_dentata	3482	3482	3482	0	0	6958695	2319565
Quercus_mongolica	1878	1878	1878	0	0	3467181	1153849
Quercus_robur	3266	3266	3266	0	0	6325710	2105083
Quercus_suber	4957	4957	4957	0	0	10468681	3489275
Quercus_variabilis	1787	1787	1787	0	0	3257931	1084260
Raddia_distichophylla	1317	1317	1317	0	0	2387625	794558
Raddia_guianensis	1525	1525	1525	0	0	2535933	843923
Raphanus_sativus	1876	1876	1876	0	0	3822636	1272336
Rhamphospermum_arvense	2446	2446	2446	0	0	4747315	1579967
Rheum_tanguticum	1584	1584	1584	0	0	2656284	883848
Rhodiola_crenulata	1264	1264	1264	0	0	2227590	741257
Rhododendron_delavayi	1958	1958	1958	0	0	3702273	1207924
Rhododendron_griersonianum	1517	1517	1517	0	0	3024648	1006699
Rhododendron_henanense	1493	1493	1493	0	0	3747968	1032981
Rhododendron_molle	1949	1949	1949	0	0	3668241	1220798
Rhododendron_ovatum	2899	2899	2899	0	0	5952958	1981486
Rhododendron_prattii	2558	2558	2558	0	0	5342790	1778372
Rhododendron_ripense	2105	2105	2105	0	0	4282989	1425723
Rhododendron_simsii	2057	2057	2057	0	0	4068795	1354208
Rhododendron_vialii	4653	4653	4653	0	0	9359643	3119881
Rhododendron_williamsianum	1243	1243	1243	0	0	2009370	668621
Rhynchospora_breviuscula	1361	1361	1361	0	0	2673591	889836
Rhynchospora_pubera	4927	4927	4927	0	0	9379920	3121715
Rhynchospora_tenuis	1536	1536	1536	0	0	2914410	969934
Ricinus_communis	1341	1341	1341	0	0	2443046	813019
Robinia_pseudoacacia	2116	2116	2116	0	0	3830229	1276743
Roridula_gorgonias	1178	1178	1178	0	0	1999335	665471
Rosa_chinensis	3531	3531	3531	0	0	6166941	2052116
Rosa_multiflora	4921	4921	4921	0	0	8665947	2884048
Rosa_roxburghii	2459	2459	2459	0	0	5566785	1853136
Rosa_rugosa	2417	2417	2417	0	0	5646931	1879894
Rosa_wichuraiana	2587	2587	2587	0	0	5829780	1940684
Rubus_argutus	2071	2071	2071	0	0	3647887	1213892
Rubus_chingii	2556	2556	2556	0	0	4379625	1457405
Rubus_corchorifolius	1426	1426	1426	0	0	2565810	853844
Rubus_occidentalis	1828	1828	1828	0	0	3719190	1238118
Rumex_hastatulus	460	460	460	0	0	631863	210621
Saccharum_hybrid	693	693	693	0	0	1187319	395083
Saccharum_spontaneum	4997	4997	4997	0	0	9874005	3287717
Salix_arbutifolia	1683	1683	1683	0	0	3039396	1011449
Salix_brachista	1849	1849	1849	0	0	3354969	1116474
Salix_chaenomeloides	1672	1672	1672	0	0	4104709	1144783
Salix_integra	1634	1634	1634	0	0	2369051	788072
Salix_koriyanagi	1461	1461	1461	0	0	2137685	711140
Salix_purpurea	1634	1634	1634	0	0	2369051	788072
Salix_suchowensis	2297	2297	2297	0	0	4732518	1575209
Salvia_bowleyana	2179	2179	2179	0	0	4224837	1406100
Salvia_hispanica	1427	1427	1427	0	0	2288097	761347
Salvia_rosmarinus	2128	2128	2128	0	0	3689933	1227856
Salvinia_cucullata	761	761	761	0	0	1433655	477139
Santalum_album	1110	1110	1110	0	0	2709807	902159
Santalum_yasi	1094	1094	1094	0	0	2133279	709999
Sapindus_mukorossi	1504	1504	1504	0	0	2925654	973507
Saururus_chinensis	1402	1402	1402	0	0	2438919	811571
Schrenkiella_parvula	1359	1359	1359	0	0	2666361	887439
Sclerocarya_birrea	1432	1432	1432	0	0	2852520	949393
Scurrula_parasitica	853	853	853	0	0	1891251	629569
Scutellaria_baicalensis	1512	1512	1512	0	0	2483181	826215
Secale_cereale	2990	2990	2990	0	0	6058353	2016483
Sechium_edule	1384	1384	1384	0	0	2751408	915752
Selaginella_moellendorffii	901	901	901	0	0	1258558	418895
Selenicereus_undatus	1230	1230	1230	0	0	2167524	722498
Senna_siamea	1359	1359	1359	0	0	2295981	763968
Senna_tora	1648	1648	1648	0	0	3232755	1075937
Sequoiadendron_giganteum	3151	3151	3151	0	0	5871671	1954254
Setaria_italica	2082	2082	2082	0	0	4474218	1489349
Setaria_viridis	2049	2049	2049	0	0	4187700	1393869
Shorea_wangtianshuea	1341	1341	1341	0	0	2342505	779494
Silene_latifolia	2128	2128	2128	0	0	4491819	1495145
Simmondsia_chinensis	1113	1113	1113	0	0	1863696	620126
Sinapis_alba	1974	1974	1974	0	0	3800418	1264823
Siraitia_grosvenorii	1194	1194	1194	0	0	2643375	880012
Sisymbrium_irio	1708	1708	1708	0	0	3634682	1209872
Smallanthus_sonchifolius	4223	4223	4223	0	0	6791547	2259626
Solanum_aethiopicum	1247	1247	1247	0	0	2190327	674657
Solanum_americanum	2314	2314	2314	0	0	4709298	1567452
Solanum_andreanum	3329	3329	3329	0	0	6481761	2157294
Solanum_atropurpureum	2006	2006	2006	0	0	4351869	1448617
Solanum_boliviense	4366	4366	4366	0	0	8540979	2842671
Solanum_brevicaule	5138	5138	5138	0	0	9895071	3293281
Solanum_buesii	3434	3434	3434	0	0	7943439	2644864
Solanum_bulbocastanum	2908	2908	2908	0	0	5759826	1917064
Solanum_burkartii	2997	2997	2997	0	0	6727368	2239715
Solanum_cajamarquense	3231	3231	3231	0	0	7996950	2662934
Solanum_candolleanum	4550	4550	4550	0	0	9143730	3043426
Solanum_capsicoides	1895	1895	1895	0	0	3954915	1316410
Solanum_chacoense	5329	5329	5329	0	0	10615572	3533293
Solanum_chilense	1196	1196	1196	0	0	2319846	772153
Solanum_chomatophilum	3891	3891	3891	0	0	8407029	2798695
Solanum_commersonii	2362	2362	2362	0	0	4501860	1498354
Solanum_dulcamara	2030	2030	2030	0	0	4331664	1441858
Solanum_erianthum	2341	2341	2341	0	0	4740093	1577690
Solanum_etuberosum	1488	1488	1488	0	0	3385680	1127206
Solanum_habrochaites	1433	1433	1433	0	0	2524449	840124
Solanum_jamesii	3411	3411	3411	0	0	6500112	2163319
Solanum_laciniatum	4111	4111	4111	0	0	7254807	2414158
Solanum_lignicaule	3443	3443	3443	0	0	8136960	2709314
Solanum_lycopersicum	1614	1614	1614	0	0	2839632	944970
Solanum_lyratum	1711	1711	1711	0	0	3313896	1102921
Solanum_macrocarpon	2437	2437	2437	0	0	4364022	1452237
Solanum_mammosum	2437	2437	2437	0	0	4248240	1413643
Solanum_melongena	1544	1544	1544	0	0	2469216	821537
Solanum_morelliforme	2256	2256	2256	0	0	4535802	1509687
Solanum_multiinterruptum	3945	3945	3945	0	0	8766414	2918429
Solanum_muricatum	1400	1400	1400	0	0	2666854	887555
Solanum_neorossii	3843	3843	3843	0	0	8312769	2767404
Solanum_ochranthum	1852	1852	1852	0	0	3719688	1238044
Solanum_palustre	1834	1834	1834	0	0	3501279	1165271
Solanum_paucissectum	4284	4284	4284	0	0	8581317	2856211
Solanum_pennellii	1500	1500	1500	0	0	3001869	999123
Solanum_pimpinellifolium	1604	1604	1604	0	0	2851038	948780
Solanum_pinnatisectum	3252	3252	3252	0	0	6195336	2061899
Solanum_piurae	3474	3474	3474	0	0	8430402	2807183
Solanum_pseudocapsicum	2357	2357	2357	0	0	4796301	1596410
Solanum_retroflexum	5712	5712	5712	0	0	11410125	3797663
Solanum_rostratum	1468	1468	1468	0	0	2939889	979963
Solanum_scabrum	5772	5772	5772	0	0	11214510	3732398
Solanum_seaforthianum	1723	1723	1723	0	0	3340353	1111728
Solanum_septemlobum	1627	1627	1627	0	0	3149352	1048157
Solanum_sogarandinum	3345	3345	3345	0	0	7154304	2381595
Solanum_spirale	3377	3377	3377	0	0	6290211	2093360
Solanum_stenotomum	2746	2746	2746	0	0	5661402	1884438
Solanum_stramoniifolium	2132	2132	2132	0	0	4478655	1490753
Solanum_torvum	2321	2321	2321	0	0	4483617	1492218
Solanum_tuberosum	2099	2099	2099	0	0	3635361	1211769
Solanum_vernei	4922	4922	4922	0	0	10468938	3485103
Solanum_verrucosum	1920	1920	1920	0	0	3923395	1305918
Solanum_viarum	1943	1943	1943	0	0	4064391	1352854
Solanum_wrightii	2153	2153	2153	0	0	4396611	1463384
Sorbus_aucuparia	2913	2913	2913	0	0	6524619	2171960
Sorghum_bicolor	1749	1749	1749	0	0	3752046	1248954
Sparganium_stoloniferum	1043	1043	1043	0	0	1979555	659851
Spatholobus_suberectus	1673	1673	1673	0	0	2735379	910120
Speranskia_yunnanensis	1184	1184	1184	0	0	2187696	728054
Spinacia_oleracea	1185	1185	1185	0	0	2436453	810966
Spirodela_intermedia	944	944	944	0	0	1762467	586545
Spirodela_polyrhiza	1090	1090	1090	0	0	1870002	622345
Spirogloea_muscicola	714	714	714	0	0	1368963	455639
Sporobolus_pyramidalis	2390	2390	2390	0	0	4589043	1527390
Sporobolus_stapfianus	2529	2529	2529	0	0	4630944	1541307
Stephania_japonica	1041	1041	1041	0	0	1976913	657937
Stevia_rebaudiana	2871	2871	2871	0	0	5414949	1804983
Striga_hermonthica	1159	1159	1159	0	0	2070259	688938
Strobilanthes_cusia	1938	1938	1938	0	0	3769266	1254486
Synsepalum_dulcificum	1728	1728	1728	0	0	2985423	993542
Syzygium_grande	2025	2025	2025	0	0	3226235	1073450
Tamarix_chinensis	1938	1938	1938	0	0	3248675	1082884
Taraxacum_koksaghyz	1954	1954	1954	0	0	3498663	1164324
Taraxacum_mongolicum	2918	2918	2918	0	0	5212605	1734617
Tarenaya_hassleriana	1262	1262	1262	0	0	2429057	808434
Telopea_speciosissima	2267	2267	2267	0	0	4448018	1480423
Tetrabaena_socialis	497	497	497	0	0	926310	308367
Tetracentron_sinense	2015	2015	2015	0	0	3800469	1264808
Theobroma_cacao	1740	1740	1740	0	0	3680772	1225193
Thinopyrum_elongatum	2884	2884	2884	0	0	5340051	1777036
Thlaspi_arvense	1554	1554	1554	0	0	2948157	982719
Tiarella_polyphylla	1142	1142	1142	0	0	2130816	709130
Toona_sinensis	1345	1345	1345	0	0	2275677	757214
Trichopus_zeylanicus	1571	1571	1571	0	0	901819	300342
Trifolium_pratense	2853	2853	2853	0	0	6624123	2205199
Trifolium_repens	4009	4009	4009	0	0	7588593	2525522
Triticum_aestivum	8233	8233	8233	0	0	17475070	5816106
Triticum_monococcum	3347	3347	3347	0	0	6746141	2248672
Triticum_turgidum	4856	4856	4856	0	0	9347652	3110507
Triticum_urartu	2661	2661	2661	0	0	4566987	1520404
Trochodendron_aralioides	1880	1880	1880	0	0	3516538	1172159
Tubocapsicum_anomalum	3153	3153	3153	0	0	5564127	1851556
Ulva_mutabilis	380	380	380	0	0	877827	292230
Vaccinium_caesariense	2156	2156	2156	0	0	4386444	1459992
Vaccinium_corymbosum	2078	2078	2078	0	0	4593060	1529077
Vaccinium_darrowii	1454	1454	1454	0	0	2463336	819658
Vaccinium_duclouxii	1961	1961	1961	0	0	3940524	1311547
Vaccinium_macrocarpon	1794	1794	1794	0	0	2942904	979176
Vaccinium_microcarpum	1753	1753	1753	0	0	3059934	1018273
Vaccinium_myrtillus	2087	2087	2087	0	0	3405009	1132916
Vaccinium_oxycoccos	1788	1788	1788	0	0	2870130	954926
Vatica_odorata	1825	1825	1825	0	0	3594444	1196325
Vatica_rassak	1625	1625	1625	0	0	3163290	1052805
Vicia_faba	1597	1597	1597	0	0	2839374	944861
Vicia_sativa	2340	2340	2340	0	0	4333377	1442116
Vigna_hirtella	1693	1693	1693	0	0	3317489	1105829
Vigna_subterranea	1643	1643	1643	0	0	3208695	1067920
Vigna_umbellata	2048	2048	2048	0	0	3967121	1320372
Vigna_unguiculata	2032	2032	2032	0	0	4463313	1485742
Vitellaria_paradoxa	1629	1629	1629	0	0	2544663	846665
Vitis_amurensis	2112	2112	2112	0	0	3580650	1191444
Vitis_arizonica	4587	4587	4587	0	0	8519244	2839748
Vitis_berlandieri	2533	2533	2533	0	0	5359901	1784122
Vitis_labrusca	2771	2771	2771	0	0	7822377	2605284
Vitis_riparia	2636	2636	2636	0	0	4846514	1612892
Vitis_rotundifolia	3424	3424	3424	0	0	7224786	2404838
Vitis_rupestris	2696	2696	2696	0	0	4986147	1659379
Vitis_vinifera	2332	2332	2332	0	0	4227387	1406822
Vitis_xlabruscana	2520	2520	2520	0	0	5486223	1826236
Volvox_carteri	478	478	478	0	0	1548099	515566
Welwitschia_mirabilis	1095	1095	1095	0	0	1681431	559441
Wolffia_australiana	684	684	684	0	0	1354872	451624
Wurfbainia_longiligularis	2145	2145	2145	0	0	4132044	1377348
Xanthoceras_sorbifolium	869	869	869	0	0	1906206	634596
Zantedeschia_elliottiana	1078	1078	1078	0	0	2003056	667682
Zea_mays	1779	1779	1779	0	0	3324210	1106320
Zingiber_officinale	6088	6088	6088	0	0	11952904	3984301
Zizania_latifolia	1957	1957	1957	0	0	3956421	1316850
Ziziphus_jujuba	4244	4244	4244	0	0	8815163	2934288
Zostera_marina	940	940	940	0	0	1665924	554373
Zostera_muelleri	1527	1527	1527	0	0	2232978	742452
Zoysia_japonica	1576	1576	1576	0	0	2157215	717594
Zoysia_matrella	2576	2576	2576	0	0	3456045	1149485
Zoysia_pacifica	1763	1763	1763	0	0	2407632	800734
